DATAFLOW,AREA_REF,FREQ,INDICADOR,UNIDAD,CIUO,TIME_PERIOD,OBS_VALUE,OBS_STATUS,NOTAS_INDICADOR,DECIMALS,NOTAS,FUENTE,MULT
CL01:DF_IR2023_CIUO(1.0),_T,M,IR2023,IX,CIUO_7,2023-M01,95.36646544938034,R,,2,,Encuesta Mensual de Remuneraciones y Costos Laborales,0
CL01:DF_IR2023_CIUO(1.0),_T,M,IR2023,IX,CIUO_7,2023-M02,95.64830522280855,R,,2,,Encuesta Mensual de Remuneraciones y Costos Laborales,0
CL01:DF_IR2023_CIUO(1.0),_T,M,IR2023,IX,CIUO_7,2023-M03,96.68173993335716,R,,2,,Encuesta Mensual de Remuneraciones y Costos Laborales,0
CL01:DF_IR2023_CIUO(1.0),_T,M,IR2023,IX,CIUO_7,2023-M04,97.80868131482777,R,,2,,Encuesta Mensual de Remuneraciones y Costos Laborales,0
CL01:DF_IR2023_CIUO(1.0),_T,M,IR2023,IX,CIUO_7,2023-M05,98.97340789900078,R,,2,,Encuesta Mensual de Remuneraciones y Costos Laborales,0
CL01:DF_IR2023_CIUO(1.0),_T,M,IR2023,IX,CIUO_7,2023-M06,99.0701435975642,R,,2,,Encuesta Mensual de Remuneraciones y Costos Laborales,0
CL01:DF_IR2023_CIUO(1.0),_T,M,IR2023,IX,CIUO_7,2023-M07,100.32646840182106,R,,2,,Encuesta Mensual de Remuneraciones y Costos Laborales,0
CL01:DF_IR2023_CIUO(1.0),_T,M,IR2023,IX,CIUO_7,2023-M08,100.87676940105709,R,,2,,Encuesta Mensual de Remuneraciones y Costos Laborales,0
CL01:DF_IR2023_CIUO(1.0),_T,M,IR2023,IX,CIUO_7,2023-M09,103.39422385370057,R,,2,,Encuesta Mensual de Remuneraciones y Costos Laborales,0
CL01:DF_IR2023_CIUO(1.0),_T,M,IR2023,IX,CIUO_7,2023-M10,103.15021528649643,R,,2,,Encuesta Mensual de Remuneraciones y Costos Laborales,0
CL01:DF_IR2023_CIUO(1.0),_T,M,IR2023,IX,CIUO_7,2023-M11,103.58177356446912,R,,2,,Encuesta Mensual de Remuneraciones y Costos Laborales,0
CL01:DF_IR2023_CIUO(1.0),_T,M,IR2023,IX,CIUO_7,2023-M12,105.1218060755169,R,,2,,Encuesta Mensual de Remuneraciones y Costos Laborales,0
CL01:DF_IR2023_CIUO(1.0),_T,M,IR2023,IX,CIUO_7,2024-M01,105.67685722348175,R,,2,,Encuesta Mensual de Remuneraciones y Costos Laborales,0
CL01:DF_IR2023_CIUO(1.0),_T,M,IR2023,IX,CIUO_7,2024-M02,105.03927348768288,R,,2,,Encuesta Mensual de Remuneraciones y Costos Laborales,0
CL01:DF_IR2023_CIUO(1.0),_T,M,IR2023,IX,CIUO_7,2024-M03,106.81453739490756,R,,2,,Encuesta Mensual de Remuneraciones y Costos Laborales,0
CL01:DF_IR2023_CIUO(1.0),_T,M,IR2023,IX,CIUO_7,2024-M04,107.00586254829751,,,2,,Encuesta Mensual de Remuneraciones y Costos Laborales,0
CL01:DF_IR2023_CIUO(1.0),_T,M,IR2023,IX,CIUO_7,2024-M05,106.55946156015574,,,2,,Encuesta Mensual de Remuneraciones y Costos Laborales,0
CL01:DF_IR2023_CIUO(1.0),_T,M,IR2023,IX,CIUO_7,2024-M06,108.83935339758634,,,2,,Encuesta Mensual de Remuneraciones y Costos Laborales,0
CL01:DF_IR2023_CIUO(1.0),_T,M,IR2023,IX,CIUO_7,2024-M07,112.28828170198909,,,2,,Encuesta Mensual de Remuneraciones y Costos Laborales,0
CL01:DF_IR2023_CIUO(1.0),_T,M,IR2023,IX,CIUO_7,2024-M08,112.86766276240122,,,2,,Encuesta Mensual de Remuneraciones y Costos Laborales,0
CL01:DF_IR2023_CIUO(1.0),_T,M,IR2023,IX,CIUO_7,2024-M09,113.57480142638673,,,2,,Encuesta Mensual de Remuneraciones y Costos Laborales,0
CL01:DF_IR2023_CIUO(1.0),_T,M,IR2023,IX,CIUO_7,2024-M10,113.52295586092941,,,2,,Encuesta Mensual de Remuneraciones y Costos Laborales,0
CL01:DF_IR2023_CIUO(1.0),_T,M,IR2023,IX,CIUO_7,2024-M11,114.10570049238534,,,2,,Encuesta Mensual de Remuneraciones y Costos Laborales,0
CL01:DF_IR2023_CIUO(1.0),_T,M,IR2023,IX,CIUO_7,2024-M12,115.0076049462463,,,2,,Encuesta Mensual de Remuneraciones y Costos Laborales,0
CL01:DF_IR2023_CIUO(1.0),_T,M,IR2023,IX,CIUO_7,2025-M01,116.4928150342301,,,2,,Encuesta Mensual de Remuneraciones y Costos Laborales,0
CL01:DF_IR2023_CIUO(1.0),_T,M,IR2023,IX,CIUO_7,2025-M02,116.86041689827138,,,2,,Encuesta Mensual de Remuneraciones y Costos Laborales,0
CL01:DF_IR2023_CIUO(1.0),_T,M,IR2023,IX,CIUO_7,2025-M03,117.79972366479511,,,2,,Encuesta Mensual de Remuneraciones y Costos Laborales,0
CL01:DF_IR2023_CIUO(1.0),_T,M,IR2023,IX,CIUO_7,2025-M04,118.24151529793679,,,2,,Encuesta Mensual de Remuneraciones y Costos Laborales,0
CL01:DF_IR2023_CIUO(1.0),_T,M,IR2023,IX,CIUO_7,2025-M05,119.43419214686666,,,2,,Encuesta Mensual de Remuneraciones y Costos Laborales,0
CL01:DF_IR2023_CIUO(1.0),_T,M,IR2023,IX,CIUO_7,2025-M06,120.01747692812535,,,2,,Encuesta Mensual de Remuneraciones y Costos Laborales,0
CL01:DF_IR2023_CIUO(1.0),_T,M,IR2023,IX,CIUO_7,2025-M07,120.35547736512699,,,2,,Encuesta Mensual de Remuneraciones y Costos Laborales,0
CL01:DF_IR2023_CIUO(1.0),_T,M,IR2023,IX,CIUO_7,2025-M08,120.56597357418933,,,2,,Encuesta Mensual de Remuneraciones y Costos Laborales,0
CL01:DF_IR2023_CIUO(1.0),_T,M,IR2023,IX,CIUO_7,2025-M09,121.39704302187708,,,2,,Encuesta Mensual de Remuneraciones y Costos Laborales,0
CL01:DF_IR2023_CIUO(1.0),_T,M,IR2023,IX,CIUO_7,2025-M10,121.79374770417166,,,2,,Encuesta Mensual de Remuneraciones y Costos Laborales,0
CL01:DF_IR2023_CIUO(1.0),_T,M,IR2023,IX,CIUO_7,2025-M11,122.302237073035,,,2,,Encuesta Mensual de Remuneraciones y Costos Laborales,0
CL01:DF_IR2023_CIUO(1.0),_T,M,IR2023,IX,CIUO_7,2025-M12,123.2573335378725,,,2,,Encuesta Mensual de Remuneraciones y Costos Laborales,0
CL01:DF_IR2023_CIUO(1.0),_T,M,IR2023,IX,CIUO_7,2026-M01,123.9938544076668,,,2,,Encuesta Mensual de Remuneraciones y Costos Laborales,0
CL01:DF_IR2023_CIUO(1.0),_T,M,IR2023,IX,CIUO_7,2026-M02,123.67987804800423,,,2,,Encuesta Mensual de Remuneraciones y Costos Laborales,0
CL01:DF_IR2023_CIUO(1.0),_T,M,IR2023,IX,CIUO_7,2026-M03,124.29397404196202,,Valor provisional,2,,Encuesta Mensual de Remuneraciones y Costos Laborales,0
CL01:DF_IR2023_CIUO(1.0),_T,M,IR2023,VAR12,CIUO_5B,2023-M01,,R,,2,,Encuesta Mensual de Remuneraciones y Costos Laborales,0
CL01:DF_IR2023_CIUO(1.0),_T,M,IR2023,VAR12,CIUO_5B,2023-M02,,R,,2,,Encuesta Mensual de Remuneraciones y Costos Laborales,0
CL01:DF_IR2023_CIUO(1.0),_T,M,IR2023,VAR12,CIUO_5B,2023-M03,,R,,2,,Encuesta Mensual de Remuneraciones y Costos Laborales,0
CL01:DF_IR2023_CIUO(1.0),_T,M,IR2023,VAR12,CIUO_5B,2023-M04,,R,,2,,Encuesta Mensual de Remuneraciones y Costos Laborales,0
CL01:DF_IR2023_CIUO(1.0),_T,M,IR2023,VAR12,CIUO_5B,2023-M05,,R,,2,,Encuesta Mensual de Remuneraciones y Costos Laborales,0
CL01:DF_IR2023_CIUO(1.0),_T,M,IR2023,VAR12,CIUO_5B,2023-M06,,R,,2,,Encuesta Mensual de Remuneraciones y Costos Laborales,0
CL01:DF_IR2023_CIUO(1.0),_T,M,IR2023,VAR12,CIUO_5B,2023-M07,,R,,2,,Encuesta Mensual de Remuneraciones y Costos Laborales,0
CL01:DF_IR2023_CIUO(1.0),_T,M,IR2023,VAR12,CIUO_5B,2023-M08,,R,,2,,Encuesta Mensual de Remuneraciones y Costos Laborales,0
CL01:DF_IR2023_CIUO(1.0),_T,M,IR2023,VAR12,CIUO_5B,2023-M09,,R,,2,,Encuesta Mensual de Remuneraciones y Costos Laborales,0
CL01:DF_IR2023_CIUO(1.0),_T,M,IR2023,VAR12,CIUO_5B,2023-M10,,R,,2,,Encuesta Mensual de Remuneraciones y Costos Laborales,0
CL01:DF_IR2023_CIUO(1.0),_T,M,IR2023,VAR12,CIUO_5B,2023-M11,,R,,2,,Encuesta Mensual de Remuneraciones y Costos Laborales,0
CL01:DF_IR2023_CIUO(1.0),_T,M,IR2023,VAR12,CIUO_5B,2023-M12,,R,,2,,Encuesta Mensual de Remuneraciones y Costos Laborales,0
CL01:DF_IR2023_CIUO(1.0),_T,M,IR2023,VAR12,CIUO_5B,2024-M01,6.032103604738359,R,,2,,Encuesta Mensual de Remuneraciones y Costos Laborales,0
CL01:DF_IR2023_CIUO(1.0),_T,M,IR2023,VAR12,CIUO_5B,2024-M02,7.328168768445842,R,,2,,Encuesta Mensual de Remuneraciones y Costos Laborales,0
CL01:DF_IR2023_CIUO(1.0),_T,M,IR2023,VAR12,CIUO_5B,2024-M03,9.554963347853818,R,,2,,Encuesta Mensual de Remuneraciones y Costos Laborales,0
CL01:DF_IR2023_CIUO(1.0),_T,M,IR2023,VAR12,CIUO_5B,2024-M04,9.77500583340991,R,,2,,Encuesta Mensual de Remuneraciones y Costos Laborales,0
CL01:DF_IR2023_CIUO(1.0),_T,M,IR2023,VAR12,CIUO_5B,2024-M05,7.210345914051874,R,,2,,Encuesta Mensual de Remuneraciones y Costos Laborales,0
CL01:DF_IR2023_CIUO(1.0),_T,M,IR2023,VAR12,CIUO_5B,2024-M06,6.035784037956238,R,,2,,Encuesta Mensual de Remuneraciones y Costos Laborales,0
CL01:DF_IR2023_CIUO(1.0),_T,M,IR2023,VAR12,CIUO_5B,2024-M07,9.927982836908168,R,,2,,Encuesta Mensual de Remuneraciones y Costos Laborales,0
CL01:DF_IR2023_CIUO(1.0),_T,M,IR2023,VAR12,CIUO_5B,2024-M08,13.292330307828237,R,,2,,Encuesta Mensual de Remuneraciones y Costos Laborales,0
CL01:DF_IR2023_CIUO(1.0),_T,M,IR2023,VAR12,CIUO_5B,2024-M09,12.16132236367098,R,,2,,Encuesta Mensual de Remuneraciones y Costos Laborales,0
CL01:DF_IR2023_CIUO(1.0),_T,M,IR2023,VAR12,CIUO_5B,2024-M10,13.492735961907076,R,,2,,Encuesta Mensual de Remuneraciones y Costos Laborales,0
CL01:DF_IR2023_CIUO(1.0),_T,M,IR2023,VAR12,CIUO_5B,2024-M11,14.574434117469991,R,,2,,Encuesta Mensual de Remuneraciones y Costos Laborales,0
CL01:DF_IR2023_CIUO(1.0),_T,M,IR2023,VAR12,CIUO_5B,2024-M12,12.43946680840018,R,,2,,Encuesta Mensual de Remuneraciones y Costos Laborales,0
CL01:DF_IR2023_CIUO(1.0),_T,M,IR2023,VAR12,CIUO_5B,2025-M01,12.492777256015408,R,,2,,Encuesta Mensual de Remuneraciones y Costos Laborales,0
CL01:DF_IR2023_CIUO(1.0),_T,M,IR2023,VAR12,CIUO_5B,2025-M02,11.966603044568203,R,,2,,Encuesta Mensual de Remuneraciones y Costos Laborales,0
CL01:DF_IR2023_CIUO(1.0),_T,M,IR2023,VAR12,CIUO_5B,2025-M03,12.171208781405142,R,,2,,Encuesta Mensual de Remuneraciones y Costos Laborales,0
CL01:DF_IR2023_CIUO(1.0),_T,M,IR2023,VAR12,CIUO_5B,2025-M04,14.333832738530706,,,2,,Encuesta Mensual de Remuneraciones y Costos Laborales,0
CL01:DF_IR2023_CIUO(1.0),_T,M,IR2023,VAR12,CIUO_5B,2025-M05,14.031367115951653,,,2,,Encuesta Mensual de Remuneraciones y Costos Laborales,0
CL01:DF_IR2023_CIUO(1.0),_T,M,IR2023,VAR12,CIUO_5B,2025-M06,11.58252782696696,,,2,,Encuesta Mensual de Remuneraciones y Costos Laborales,0
CL01:DF_IR2023_CIUO(1.0),_T,M,IR2023,VAR12,CIUO_5B,2025-M07,9.378868379939087,,,2,,Encuesta Mensual de Remuneraciones y Costos Laborales,0
CL01:DF_IR2023_CIUO(1.0),_T,M,IR2023,VAR12,CIUO_5B,2025-M08,7.383991220875097,,,2,,Encuesta Mensual de Remuneraciones y Costos Laborales,0
CL01:DF_IR2023_CIUO(1.0),_T,M,IR2023,VAR12,CIUO_5B,2025-M09,7.684074282942177,,,2,,Encuesta Mensual de Remuneraciones y Costos Laborales,0
CL01:DF_IR2023_CIUO(1.0),_T,M,IR2023,VAR12,CIUO_5B,2025-M10,7.273220731802232,,,2,,Encuesta Mensual de Remuneraciones y Costos Laborales,0
CL01:DF_IR2023_CIUO(1.0),_T,M,IR2023,VAR12,CIUO_5B,2025-M11,7.026781572342178,,,2,,Encuesta Mensual de Remuneraciones y Costos Laborales,0
CL01:DF_IR2023_CIUO(1.0),_T,M,IR2023,VAR12,CIUO_5B,2025-M12,7.130792381948092,,,2,,Encuesta Mensual de Remuneraciones y Costos Laborales,0
CL01:DF_IR2023_CIUO(1.0),_T,M,IR2023,VAR12,CIUO_5B,2026-M01,6.949339079977257,,,2,,Encuesta Mensual de Remuneraciones y Costos Laborales,0
CL01:DF_IR2023_CIUO(1.0),_T,M,IR2023,VAR12,CIUO_5B,2026-M02,5.486443132244867,,,2,,Encuesta Mensual de Remuneraciones y Costos Laborales,0
CL01:DF_IR2023_CIUO(1.0),_T,M,IR2023,VAR12,CIUO_5B,2026-M03,5.40694401425974,,Valor provisional,2,,Encuesta Mensual de Remuneraciones y Costos Laborales,0
CL01:DF_IR2023_CIUO(1.0),_T,M,IR2023,VAR12,CIUO_1,2023-M01,,R,,2,,Encuesta Mensual de Remuneraciones y Costos Laborales,0
CL01:DF_IR2023_CIUO(1.0),_T,M,IR2023,VAR12,CIUO_1,2023-M02,,R,,2,,Encuesta Mensual de Remuneraciones y Costos Laborales,0
CL01:DF_IR2023_CIUO(1.0),_T,M,IR2023,VAR12,CIUO_1,2023-M03,,R,,2,,Encuesta Mensual de Remuneraciones y Costos Laborales,0
CL01:DF_IR2023_CIUO(1.0),_T,M,IR2023,VAR12,CIUO_1,2023-M04,,R,,2,,Encuesta Mensual de Remuneraciones y Costos Laborales,0
CL01:DF_IR2023_CIUO(1.0),_T,M,IR2023,VAR12,CIUO_1,2023-M05,,R,,2,,Encuesta Mensual de Remuneraciones y Costos Laborales,0
CL01:DF_IR2023_CIUO(1.0),_T,M,IR2023,VAR12,CIUO_1,2023-M06,,R,,2,,Encuesta Mensual de Remuneraciones y Costos Laborales,0
CL01:DF_IR2023_CIUO(1.0),_T,M,IR2023,VAR12,CIUO_1,2023-M07,,R,,2,,Encuesta Mensual de Remuneraciones y Costos Laborales,0
CL01:DF_IR2023_CIUO(1.0),_T,M,IR2023,VAR12,CIUO_1,2023-M08,,R,,2,,Encuesta Mensual de Remuneraciones y Costos Laborales,0
CL01:DF_IR2023_CIUO(1.0),_T,M,IR2023,VAR12,CIUO_1,2023-M09,,R,,2,,Encuesta Mensual de Remuneraciones y Costos Laborales,0
CL01:DF_IR2023_CIUO(1.0),_T,M,IR2023,VAR12,CIUO_1,2023-M10,,R,,2,,Encuesta Mensual de Remuneraciones y Costos Laborales,0
CL01:DF_IR2023_CIUO(1.0),_T,M,IR2023,VAR12,CIUO_1,2023-M11,,R,,2,,Encuesta Mensual de Remuneraciones y Costos Laborales,0
CL01:DF_IR2023_CIUO(1.0),_T,M,IR2023,VAR12,CIUO_1,2023-M12,,R,,2,,Encuesta Mensual de Remuneraciones y Costos Laborales,0
CL01:DF_IR2023_CIUO(1.0),_T,M,IR2023,VAR12,CIUO_1,2024-M01,4.388526454666053,R,,2,,Encuesta Mensual de Remuneraciones y Costos Laborales,0
CL01:DF_IR2023_CIUO(1.0),_T,M,IR2023,VAR12,CIUO_1,2024-M02,5.850042800482003,R,,2,,Encuesta Mensual de Remuneraciones y Costos Laborales,0
CL01:DF_IR2023_CIUO(1.0),_T,M,IR2023,VAR12,CIUO_1,2024-M03,6.006043116576931,R,,2,,Encuesta Mensual de Remuneraciones y Costos Laborales,0
CL01:DF_IR2023_CIUO(1.0),_T,M,IR2023,VAR12,CIUO_1,2024-M04,5.359762820023262,R,,2,,Encuesta Mensual de Remuneraciones y Costos Laborales,0
CL01:DF_IR2023_CIUO(1.0),_T,M,IR2023,VAR12,CIUO_1,2024-M05,6.343231737122079,R,,2,,Encuesta Mensual de Remuneraciones y Costos Laborales,0
CL01:DF_IR2023_CIUO(1.0),_T,M,IR2023,VAR12,CIUO_1,2024-M06,5.937058774001169,R,,2,,Encuesta Mensual de Remuneraciones y Costos Laborales,0
CL01:DF_IR2023_CIUO(1.0),_T,M,IR2023,VAR12,CIUO_1,2024-M07,6.03069767126998,R,,2,,Encuesta Mensual de Remuneraciones y Costos Laborales,0
CL01:DF_IR2023_CIUO(1.0),_T,M,IR2023,VAR12,CIUO_1,2024-M08,6.240491064176457,R,,2,,Encuesta Mensual de Remuneraciones y Costos Laborales,0
CL01:DF_IR2023_CIUO(1.0),_T,M,IR2023,VAR12,CIUO_1,2024-M09,6.007892608162968,R,,2,,Encuesta Mensual de Remuneraciones y Costos Laborales,0
CL01:DF_IR2023_CIUO(1.0),_T,M,IR2023,VAR12,CIUO_1,2024-M10,6.234341713942926,R,,2,,Encuesta Mensual de Remuneraciones y Costos Laborales,0
CL01:DF_IR2023_CIUO(1.0),_T,M,IR2023,VAR12,CIUO_1,2024-M11,6.677727394228583,R,,2,,Encuesta Mensual de Remuneraciones y Costos Laborales,0
CL01:DF_IR2023_CIUO(1.0),_T,M,IR2023,VAR12,CIUO_1,2024-M12,5.838393588394508,R,,2,,Encuesta Mensual de Remuneraciones y Costos Laborales,0
CL01:DF_IR2023_CIUO(1.0),_T,M,IR2023,VAR12,CIUO_1,2025-M01,6.8957484863507945,R,,2,,Encuesta Mensual de Remuneraciones y Costos Laborales,0
CL01:DF_IR2023_CIUO(1.0),_T,M,IR2023,VAR12,CIUO_1,2025-M02,7.356471164740097,R,,2,,Encuesta Mensual de Remuneraciones y Costos Laborales,0
CL01:DF_IR2023_CIUO(1.0),_T,M,IR2023,VAR12,CIUO_1,2025-M03,5.620863327790215,R,,2,,Encuesta Mensual de Remuneraciones y Costos Laborales,0
CL01:DF_IR2023_CIUO(1.0),_T,M,IR2023,VAR12,CIUO_1,2025-M04,4.657999376910649,,,2,,Encuesta Mensual de Remuneraciones y Costos Laborales,0
CL01:DF_IR2023_CIUO(1.0),_T,M,IR2023,VAR12,CIUO_1,2025-M05,4.167877784522478,,,2,,Encuesta Mensual de Remuneraciones y Costos Laborales,0
CL01:DF_IR2023_CIUO(1.0),_T,M,IR2023,VAR12,CIUO_1,2025-M06,4.115259115041692,,,2,,Encuesta Mensual de Remuneraciones y Costos Laborales,0
CL01:DF_IR2023_CIUO(1.0),_T,M,IR2023,VAR12,CIUO_1,2025-M07,4.2071947758569594,,,2,,Encuesta Mensual de Remuneraciones y Costos Laborales,0
CL01:DF_IR2023_CIUO(1.0),_T,M,IR2023,VAR12,CIUO_1,2025-M08,4.574216480247295,,,2,,Encuesta Mensual de Remuneraciones y Costos Laborales,0
CL01:DF_IR2023_CIUO(1.0),_T,M,IR2023,VAR12,CIUO_1,2025-M09,4.048915746600001,,,2,,Encuesta Mensual de Remuneraciones y Costos Laborales,0
CL01:DF_IR2023_CIUO(1.0),_T,M,IR2023,VAR12,CIUO_1,2025-M10,4.29044054876444,,,2,,Encuesta Mensual de Remuneraciones y Costos Laborales,0
CL01:DF_IR2023_CIUO(1.0),_T,M,IR2023,VAR12,CIUO_1,2025-M11,3.959007858282426,,,2,,Encuesta Mensual de Remuneraciones y Costos Laborales,0
CL01:DF_IR2023_CIUO(1.0),_T,M,IR2023,VAR12,CIUO_1,2025-M12,5.249745919494808,,,2,,Encuesta Mensual de Remuneraciones y Costos Laborales,0
CL01:DF_IR2023_CIUO(1.0),_T,M,IR2023,VAR12,CIUO_1,2026-M01,4.182284567570127,,,2,,Encuesta Mensual de Remuneraciones y Costos Laborales,0
CL01:DF_IR2023_CIUO(1.0),_T,M,IR2023,VAR12,CIUO_1,2026-M02,4.170600879754027,,,2,,Encuesta Mensual de Remuneraciones y Costos Laborales,0
CL01:DF_IR2023_CIUO(1.0),_T,M,IR2023,VAR12,CIUO_1,2026-M03,5.24252045766882,,Valor provisional,2,,Encuesta Mensual de Remuneraciones y Costos Laborales,0
CL01:DF_IR2023_CIUO(1.0),_T,M,IR2023,VAR12,CIUO_3,2023-M01,,R,,2,,Encuesta Mensual de Remuneraciones y Costos Laborales,0
CL01:DF_IR2023_CIUO(1.0),_T,M,IR2023,VAR12,CIUO_3,2023-M02,,R,,2,,Encuesta Mensual de Remuneraciones y Costos Laborales,0
CL01:DF_IR2023_CIUO(1.0),_T,M,IR2023,VAR12,CIUO_3,2023-M03,,R,,2,,Encuesta Mensual de Remuneraciones y Costos Laborales,0
CL01:DF_IR2023_CIUO(1.0),_T,M,IR2023,VAR12,CIUO_3,2023-M04,,R,,2,,Encuesta Mensual de Remuneraciones y Costos Laborales,0
CL01:DF_IR2023_CIUO(1.0),_T,M,IR2023,VAR12,CIUO_3,2023-M05,,R,,2,,Encuesta Mensual de Remuneraciones y Costos Laborales,0
CL01:DF_IR2023_CIUO(1.0),_T,M,IR2023,VAR12,CIUO_3,2023-M06,,R,,2,,Encuesta Mensual de Remuneraciones y Costos Laborales,0
CL01:DF_IR2023_CIUO(1.0),_T,M,IR2023,VAR12,CIUO_3,2023-M07,,R,,2,,Encuesta Mensual de Remuneraciones y Costos Laborales,0
CL01:DF_IR2023_CIUO(1.0),_T,M,IR2023,VAR12,CIUO_3,2023-M08,,R,,2,,Encuesta Mensual de Remuneraciones y Costos Laborales,0
CL01:DF_IR2023_CIUO(1.0),_T,M,IR2023,VAR12,CIUO_3,2023-M09,,R,,2,,Encuesta Mensual de Remuneraciones y Costos Laborales,0
CL01:DF_IR2023_CIUO(1.0),_T,M,IR2023,VAR12,CIUO_3,2023-M10,,R,,2,,Encuesta Mensual de Remuneraciones y Costos Laborales,0
CL01:DF_IR2023_CIUO(1.0),_T,M,IR2023,VAR12,CIUO_3,2023-M11,,R,,2,,Encuesta Mensual de Remuneraciones y Costos Laborales,0
CL01:DF_IR2023_CIUO(1.0),_T,M,IR2023,VAR12,CIUO_3,2023-M12,,R,,2,,Encuesta Mensual de Remuneraciones y Costos Laborales,0
CL01:DF_IR2023_CIUO(1.0),_T,M,IR2023,VAR12,CIUO_3,2024-M01,5.99758609608243,R,,2,,Encuesta Mensual de Remuneraciones y Costos Laborales,0
CL01:DF_IR2023_CIUO(1.0),_T,M,IR2023,VAR12,CIUO_3,2024-M02,6.092317617758436,R,,2,,Encuesta Mensual de Remuneraciones y Costos Laborales,0
CL01:DF_IR2023_CIUO(1.0),_T,M,IR2023,VAR12,CIUO_3,2024-M03,6.312367491189685,R,,2,,Encuesta Mensual de Remuneraciones y Costos Laborales,0
CL01:DF_IR2023_CIUO(1.0),_T,M,IR2023,VAR12,CIUO_3,2024-M04,5.790111573241674,R,,2,,Encuesta Mensual de Remuneraciones y Costos Laborales,0
CL01:DF_IR2023_CIUO(1.0),_T,M,IR2023,VAR12,CIUO_3,2024-M05,6.91559317226853,R,,2,,Encuesta Mensual de Remuneraciones y Costos Laborales,0
CL01:DF_IR2023_CIUO(1.0),_T,M,IR2023,VAR12,CIUO_3,2024-M06,6.742392066508152,R,,2,,Encuesta Mensual de Remuneraciones y Costos Laborales,0
CL01:DF_IR2023_CIUO(1.0),_T,M,IR2023,VAR12,CIUO_3,2024-M07,8.372787820200834,R,,2,,Encuesta Mensual de Remuneraciones y Costos Laborales,0
CL01:DF_IR2023_CIUO(1.0),_T,M,IR2023,VAR12,CIUO_3,2024-M08,8.354502146124187,R,,2,,Encuesta Mensual de Remuneraciones y Costos Laborales,0
CL01:DF_IR2023_CIUO(1.0),_T,M,IR2023,VAR12,CIUO_3,2024-M09,7.844064928567374,R,,2,,Encuesta Mensual de Remuneraciones y Costos Laborales,0
CL01:DF_IR2023_CIUO(1.0),_T,M,IR2023,VAR12,CIUO_3,2024-M10,8.503288492349759,R,,2,,Encuesta Mensual de Remuneraciones y Costos Laborales,0
CL01:DF_IR2023_CIUO(1.0),_T,M,IR2023,VAR12,CIUO_3,2024-M11,8.411880110246162,R,,2,,Encuesta Mensual de Remuneraciones y Costos Laborales,0
CL01:DF_IR2023_CIUO(1.0),_T,M,IR2023,VAR12,CIUO_3,2024-M12,7.447843294803169,R,,2,,Encuesta Mensual de Remuneraciones y Costos Laborales,0
CL01:DF_IR2023_CIUO(1.0),_T,M,IR2023,VAR12,CIUO_3,2025-M01,8.660641212784315,R,,2,,Encuesta Mensual de Remuneraciones y Costos Laborales,0
CL01:DF_IR2023_CIUO(1.0),_T,M,IR2023,VAR12,CIUO_3,2025-M02,8.919385390911415,R,,2,,Encuesta Mensual de Remuneraciones y Costos Laborales,0
CL01:DF_IR2023_CIUO(1.0),_T,M,IR2023,VAR12,CIUO_3,2025-M03,8.696634235612688,R,,2,,Encuesta Mensual de Remuneraciones y Costos Laborales,0
CL01:DF_IR2023_CIUO(1.0),_T,M,IR2023,VAR12,CIUO_3,2025-M04,8.483995868522175,,,2,,Encuesta Mensual de Remuneraciones y Costos Laborales,0
CL01:DF_IR2023_CIUO(1.0),_T,M,IR2023,VAR12,CIUO_3,2025-M05,8.22188384730962,,,2,,Encuesta Mensual de Remuneraciones y Costos Laborales,0
CL01:DF_IR2023_CIUO(1.0),_T,M,IR2023,VAR12,CIUO_3,2025-M06,7.8454444819962665,,,2,,Encuesta Mensual de Remuneraciones y Costos Laborales,0
CL01:DF_IR2023_CIUO(1.0),_T,M,IR2023,VAR12,CIUO_3,2025-M07,6.356037792491742,,,2,,Encuesta Mensual de Remuneraciones y Costos Laborales,0
CL01:DF_IR2023_CIUO(1.0),_T,M,IR2023,VAR12,CIUO_3,2025-M08,6.470284787178948,,,2,,Encuesta Mensual de Remuneraciones y Costos Laborales,0
CL01:DF_IR2023_CIUO(1.0),_T,M,IR2023,VAR12,CIUO_3,2025-M09,6.210990746747358,,,2,,Encuesta Mensual de Remuneraciones y Costos Laborales,0
CL01:DF_IR2023_CIUO(1.0),_T,M,IR2023,VAR12,CIUO_3,2025-M10,6.236262732840303,,,2,,Encuesta Mensual de Remuneraciones y Costos Laborales,0
CL01:DF_IR2023_CIUO(1.0),_T,M,IR2023,VAR12,CIUO_3,2025-M11,6.685334573451551,,,2,,Encuesta Mensual de Remuneraciones y Costos Laborales,0
CL01:DF_IR2023_CIUO(1.0),_T,M,IR2023,VAR12,CIUO_3,2025-M12,6.301653762776138,,,2,,Encuesta Mensual de Remuneraciones y Costos Laborales,0
CL01:DF_IR2023_CIUO(1.0),_T,M,IR2023,VAR12,CIUO_3,2026-M01,5.129624952756018,,,2,,Encuesta Mensual de Remuneraciones y Costos Laborales,0
CL01:DF_IR2023_CIUO(1.0),_T,M,IR2023,VAR12,CIUO_3,2026-M02,5.351229603723429,,,2,,Encuesta Mensual de Remuneraciones y Costos Laborales,0
CL01:DF_IR2023_CIUO(1.0),_T,M,IR2023,VAR12,CIUO_3,2026-M03,5.454797501930453,,Valor provisional,2,,Encuesta Mensual de Remuneraciones y Costos Laborales,0
CL01:DF_IR2023_CIUO(1.0),_T,M,IR2023,VAR12,CIUO_2,2023-M01,,R,,2,,Encuesta Mensual de Remuneraciones y Costos Laborales,0
CL01:DF_IR2023_CIUO(1.0),_T,M,IR2023,VAR12,CIUO_2,2023-M02,,R,,2,,Encuesta Mensual de Remuneraciones y Costos Laborales,0
CL01:DF_IR2023_CIUO(1.0),_T,M,IR2023,VAR12,CIUO_2,2023-M03,,R,,2,,Encuesta Mensual de Remuneraciones y Costos Laborales,0
CL01:DF_IR2023_CIUO(1.0),_T,M,IR2023,VAR12,CIUO_2,2023-M04,,R,,2,,Encuesta Mensual de Remuneraciones y Costos Laborales,0
CL01:DF_IR2023_CIUO(1.0),_T,M,IR2023,VAR12,CIUO_2,2023-M05,,R,,2,,Encuesta Mensual de Remuneraciones y Costos Laborales,0
CL01:DF_IR2023_CIUO(1.0),_T,M,IR2023,VAR12,CIUO_2,2023-M06,,R,,2,,Encuesta Mensual de Remuneraciones y Costos Laborales,0
CL01:DF_IR2023_CIUO(1.0),_T,M,IR2023,VAR12,CIUO_2,2023-M07,,R,,2,,Encuesta Mensual de Remuneraciones y Costos Laborales,0
CL01:DF_IR2023_CIUO(1.0),_T,M,IR2023,VAR12,CIUO_2,2023-M08,,R,,2,,Encuesta Mensual de Remuneraciones y Costos Laborales,0
CL01:DF_IR2023_CIUO(1.0),_T,M,IR2023,VAR12,CIUO_2,2023-M09,,R,,2,,Encuesta Mensual de Remuneraciones y Costos Laborales,0
CL01:DF_IR2023_CIUO(1.0),_T,M,IR2023,VAR12,CIUO_2,2023-M10,,R,,2,,Encuesta Mensual de Remuneraciones y Costos Laborales,0
CL01:DF_IR2023_CIUO(1.0),_T,M,IR2023,VAR12,CIUO_2,2023-M11,,R,,2,,Encuesta Mensual de Remuneraciones y Costos Laborales,0
CL01:DF_IR2023_CIUO(1.0),_T,M,IR2023,VAR12,CIUO_2,2023-M12,,R,,2,,Encuesta Mensual de Remuneraciones y Costos Laborales,0
CL01:DF_IR2023_CIUO(1.0),_T,M,IR2023,VAR12,CIUO_2,2024-M01,5.321795474232771,R,,2,,Encuesta Mensual de Remuneraciones y Costos Laborales,0
CL01:DF_IR2023_CIUO(1.0),_T,M,IR2023,VAR12,CIUO_2,2024-M02,5.6172232762983665,R,,2,,Encuesta Mensual de Remuneraciones y Costos Laborales,0
CL01:DF_IR2023_CIUO(1.0),_T,M,IR2023,VAR12,CIUO_2,2024-M03,5.807184450893632,R,,2,,Encuesta Mensual de Remuneraciones y Costos Laborales,0
CL01:DF_IR2023_CIUO(1.0),_T,M,IR2023,VAR12,CIUO_2,2024-M04,5.616093589808546,R,,2,,Encuesta Mensual de Remuneraciones y Costos Laborales,0
CL01:DF_IR2023_CIUO(1.0),_T,M,IR2023,VAR12,CIUO_2,2024-M05,6.220670146532559,R,,2,,Encuesta Mensual de Remuneraciones y Costos Laborales,0
CL01:DF_IR2023_CIUO(1.0),_T,M,IR2023,VAR12,CIUO_2,2024-M06,6.622214966144124,R,,2,,Encuesta Mensual de Remuneraciones y Costos Laborales,0
CL01:DF_IR2023_CIUO(1.0),_T,M,IR2023,VAR12,CIUO_2,2024-M07,7.009973721720697,R,,2,,Encuesta Mensual de Remuneraciones y Costos Laborales,0
CL01:DF_IR2023_CIUO(1.0),_T,M,IR2023,VAR12,CIUO_2,2024-M08,7.32212690364924,R,,2,,Encuesta Mensual de Remuneraciones y Costos Laborales,0
CL01:DF_IR2023_CIUO(1.0),_T,M,IR2023,VAR12,CIUO_2,2024-M09,6.737485629697892,R,,2,,Encuesta Mensual de Remuneraciones y Costos Laborales,0
CL01:DF_IR2023_CIUO(1.0),_T,M,IR2023,VAR12,CIUO_2,2024-M10,7.295118885349727,R,,2,,Encuesta Mensual de Remuneraciones y Costos Laborales,0
CL01:DF_IR2023_CIUO(1.0),_T,M,IR2023,VAR12,CIUO_2,2024-M11,7.528974948295097,R,,2,,Encuesta Mensual de Remuneraciones y Costos Laborales,0
CL01:DF_IR2023_CIUO(1.0),_T,M,IR2023,VAR12,CIUO_2,2024-M12,6.146347867996749,R,,2,,Encuesta Mensual de Remuneraciones y Costos Laborales,0
CL01:DF_IR2023_CIUO(1.0),_T,M,IR2023,VAR12,CIUO_2,2025-M01,7.011754547572191,R,,2,,Encuesta Mensual de Remuneraciones y Costos Laborales,0
CL01:DF_IR2023_CIUO(1.0),_T,M,IR2023,VAR12,CIUO_2,2025-M02,7.554982898428775,R,,2,,Encuesta Mensual de Remuneraciones y Costos Laborales,0
CL01:DF_IR2023_CIUO(1.0),_T,M,IR2023,VAR12,CIUO_2,2025-M03,7.314475934071418,R,,2,,Encuesta Mensual de Remuneraciones y Costos Laborales,0
CL01:DF_IR2023_CIUO(1.0),_T,M,IR2023,VAR12,CIUO_2,2025-M04,7.239838192678416,,,2,,Encuesta Mensual de Remuneraciones y Costos Laborales,0
CL01:DF_IR2023_CIUO(1.0),_T,M,IR2023,VAR12,CIUO_2,2025-M05,7.099167209242441,,,2,,Encuesta Mensual de Remuneraciones y Costos Laborales,0
CL01:DF_IR2023_CIUO(1.0),_T,M,IR2023,VAR12,CIUO_2,2025-M06,6.535368788135365,,,2,,Encuesta Mensual de Remuneraciones y Costos Laborales,0
CL01:DF_IR2023_CIUO(1.0),_T,M,IR2023,VAR12,CIUO_2,2025-M07,6.403749690432159,,,2,,Encuesta Mensual de Remuneraciones y Costos Laborales,0
CL01:DF_IR2023_CIUO(1.0),_T,M,IR2023,VAR12,CIUO_2,2025-M08,6.1566193128541835,,,2,,Encuesta Mensual de Remuneraciones y Costos Laborales,0
CL01:DF_IR2023_CIUO(1.0),_T,M,IR2023,VAR12,CIUO_2,2025-M09,5.995187018308523,,,2,,Encuesta Mensual de Remuneraciones y Costos Laborales,0
CL01:DF_IR2023_CIUO(1.0),_T,M,IR2023,VAR12,CIUO_2,2025-M10,6.0178141338058655,,,2,,Encuesta Mensual de Remuneraciones y Costos Laborales,0
CL01:DF_IR2023_CIUO(1.0),_T,M,IR2023,VAR12,CIUO_2,2025-M11,5.953675943788661,,,2,,Encuesta Mensual de Remuneraciones y Costos Laborales,0
CL01:DF_IR2023_CIUO(1.0),_T,M,IR2023,VAR12,CIUO_2,2025-M12,5.830522372902358,,,2,,Encuesta Mensual de Remuneraciones y Costos Laborales,0
CL01:DF_IR2023_CIUO(1.0),_T,M,IR2023,VAR12,CIUO_2,2026-M01,4.138718148137088,,,2,,Encuesta Mensual de Remuneraciones y Costos Laborales,0
CL01:DF_IR2023_CIUO(1.0),_T,M,IR2023,VAR12,CIUO_2,2026-M02,4.590848337391429,,,2,,Encuesta Mensual de Remuneraciones y Costos Laborales,0
CL01:DF_IR2023_CIUO(1.0),_T,M,IR2023,VAR12,CIUO_2,2026-M03,4.23778139502311,,Valor provisional,2,,Encuesta Mensual de Remuneraciones y Costos Laborales,0
CL01:DF_IR2023_CIUO(1.0),_T,M,IR2023,IX,CIUO_4,2023-M01,97.34087654203381,R,,2,,Encuesta Mensual de Remuneraciones y Costos Laborales,0
CL01:DF_IR2023_CIUO(1.0),_T,M,IR2023,IX,CIUO_4,2023-M02,97.58480151689487,R,,2,,Encuesta Mensual de Remuneraciones y Costos Laborales,0
CL01:DF_IR2023_CIUO(1.0),_T,M,IR2023,IX,CIUO_4,2023-M03,98.16195839596546,R,,2,,Encuesta Mensual de Remuneraciones y Costos Laborales,0
CL01:DF_IR2023_CIUO(1.0),_T,M,IR2023,IX,CIUO_4,2023-M04,98.14749210718671,R,,2,,Encuesta Mensual de Remuneraciones y Costos Laborales,0
CL01:DF_IR2023_CIUO(1.0),_T,M,IR2023,IX,CIUO_4,2023-M05,98.78333594732601,R,,2,,Encuesta Mensual de Remuneraciones y Costos Laborales,0
CL01:DF_IR2023_CIUO(1.0),_T,M,IR2023,IX,CIUO_4,2023-M06,99.62618284653787,R,,2,,Encuesta Mensual de Remuneraciones y Costos Laborales,0
CL01:DF_IR2023_CIUO(1.0),_T,M,IR2023,IX,CIUO_4,2023-M07,100.3498866392613,R,,2,,Encuesta Mensual de Remuneraciones y Costos Laborales,0
CL01:DF_IR2023_CIUO(1.0),_T,M,IR2023,IX,CIUO_4,2023-M08,100.63227747041846,R,,2,,Encuesta Mensual de Remuneraciones y Costos Laborales,0
CL01:DF_IR2023_CIUO(1.0),_T,M,IR2023,IX,CIUO_4,2023-M09,102.49708621523057,R,,2,,Encuesta Mensual de Remuneraciones y Costos Laborales,0
CL01:DF_IR2023_CIUO(1.0),_T,M,IR2023,IX,CIUO_4,2023-M10,101.70244417782075,R,,2,,Encuesta Mensual de Remuneraciones y Costos Laborales,0
CL01:DF_IR2023_CIUO(1.0),_T,M,IR2023,IX,CIUO_4,2023-M11,101.8881033050449,R,,2,,Encuesta Mensual de Remuneraciones y Costos Laborales,0
CL01:DF_IR2023_CIUO(1.0),_T,M,IR2023,IX,CIUO_4,2023-M12,103.28555483627919,R,,2,,Encuesta Mensual de Remuneraciones y Costos Laborales,0
CL01:DF_IR2023_CIUO(1.0),_T,M,IR2023,IX,CIUO_4,2024-M01,104.07651733572764,R,,2,,Encuesta Mensual de Remuneraciones y Costos Laborales,0
CL01:DF_IR2023_CIUO(1.0),_T,M,IR2023,IX,CIUO_4,2024-M02,104.26593668842138,R,,2,,Encuesta Mensual de Remuneraciones y Costos Laborales,0
CL01:DF_IR2023_CIUO(1.0),_T,M,IR2023,IX,CIUO_4,2024-M03,105.28560226778423,R,,2,,Encuesta Mensual de Remuneraciones y Costos Laborales,0
CL01:DF_IR2023_CIUO(1.0),_T,M,IR2023,IX,CIUO_4,2024-M04,105.59228111826715,,,2,,Encuesta Mensual de Remuneraciones y Costos Laborales,0
CL01:DF_IR2023_CIUO(1.0),_T,M,IR2023,IX,CIUO_4,2024-M05,106.14582343705762,,,2,,Encuesta Mensual de Remuneraciones y Costos Laborales,0
CL01:DF_IR2023_CIUO(1.0),_T,M,IR2023,IX,CIUO_4,2024-M06,107.14573841892253,,,2,,Encuesta Mensual de Remuneraciones y Costos Laborales,0
CL01:DF_IR2023_CIUO(1.0),_T,M,IR2023,IX,CIUO_4,2024-M07,109.30950195788917,,,2,,Encuesta Mensual de Remuneraciones y Costos Laborales,0
CL01:DF_IR2023_CIUO(1.0),_T,M,IR2023,IX,CIUO_4,2024-M08,110.06519219767183,,,2,,Encuesta Mensual de Remuneraciones y Costos Laborales,0
CL01:DF_IR2023_CIUO(1.0),_T,M,IR2023,IX,CIUO_4,2024-M09,110.43410334879341,,,2,,Encuesta Mensual de Remuneraciones y Costos Laborales,0
CL01:DF_IR2023_CIUO(1.0),_T,M,IR2023,IX,CIUO_4,2024-M10,110.08907541610506,,,2,,Encuesta Mensual de Remuneraciones y Costos Laborales,0
CL01:DF_IR2023_CIUO(1.0),_T,M,IR2023,IX,CIUO_4,2024-M11,110.0079575834795,,,2,,Encuesta Mensual de Remuneraciones y Costos Laborales,0
CL01:DF_IR2023_CIUO(1.0),_T,M,IR2023,IX,CIUO_4,2024-M12,110.93091270570379,,,2,,Encuesta Mensual de Remuneraciones y Costos Laborales,0
CL01:DF_IR2023_CIUO(1.0),_T,M,IR2023,IX,CIUO_4,2025-M01,112.5293953447555,,,2,,Encuesta Mensual de Remuneraciones y Costos Laborales,0
CL01:DF_IR2023_CIUO(1.0),_T,M,IR2023,IX,CIUO_4,2025-M02,112.90338740144638,,,2,,Encuesta Mensual de Remuneraciones y Costos Laborales,0
CL01:DF_IR2023_CIUO(1.0),_T,M,IR2023,IX,CIUO_4,2025-M03,113.96328437592584,,,2,,Encuesta Mensual de Remuneraciones y Costos Laborales,0
CL01:DF_IR2023_CIUO(1.0),_T,M,IR2023,IX,CIUO_4,2025-M04,114.314932978035,,,2,,Encuesta Mensual de Remuneraciones y Costos Laborales,0
CL01:DF_IR2023_CIUO(1.0),_T,M,IR2023,IX,CIUO_4,2025-M05,114.19814786802834,,,2,,Encuesta Mensual de Remuneraciones y Costos Laborales,0
CL01:DF_IR2023_CIUO(1.0),_T,M,IR2023,IX,CIUO_4,2025-M06,115.23199693566484,,,2,,Encuesta Mensual de Remuneraciones y Costos Laborales,0
CL01:DF_IR2023_CIUO(1.0),_T,M,IR2023,IX,CIUO_4,2025-M07,115.58797310192804,,,2,,Encuesta Mensual de Remuneraciones y Costos Laborales,0
CL01:DF_IR2023_CIUO(1.0),_T,M,IR2023,IX,CIUO_4,2025-M08,115.99836518813296,,,2,,Encuesta Mensual de Remuneraciones y Costos Laborales,0
CL01:DF_IR2023_CIUO(1.0),_T,M,IR2023,IX,CIUO_4,2025-M09,116.36592532457126,,,2,,Encuesta Mensual de Remuneraciones y Costos Laborales,0
CL01:DF_IR2023_CIUO(1.0),_T,M,IR2023,IX,CIUO_4,2025-M10,116.24704860172118,,,2,,Encuesta Mensual de Remuneraciones y Costos Laborales,0
CL01:DF_IR2023_CIUO(1.0),_T,M,IR2023,IX,CIUO_4,2025-M11,116.92515433434518,,,2,,Encuesta Mensual de Remuneraciones y Costos Laborales,0
CL01:DF_IR2023_CIUO(1.0),_T,M,IR2023,IX,CIUO_4,2025-M12,117.83993121156172,,,2,,Encuesta Mensual de Remuneraciones y Costos Laborales,0
CL01:DF_IR2023_CIUO(1.0),_T,M,IR2023,IX,CIUO_4,2026-M01,118.55654914030293,,,2,,Encuesta Mensual de Remuneraciones y Costos Laborales,0
CL01:DF_IR2023_CIUO(1.0),_T,M,IR2023,IX,CIUO_4,2026-M02,119.17883123048743,,,2,,Encuesta Mensual de Remuneraciones y Costos Laborales,0
CL01:DF_IR2023_CIUO(1.0),_T,M,IR2023,IX,CIUO_4,2026-M03,120.09307347132079,,Valor provisional,2,,Encuesta Mensual de Remuneraciones y Costos Laborales,0
CL01:DF_IR2023_CIUO(1.0),_T,M,IR2023,VAR12,CIUO_4,2023-M01,,R,,2,,Encuesta Mensual de Remuneraciones y Costos Laborales,0
CL01:DF_IR2023_CIUO(1.0),_T,M,IR2023,VAR12,CIUO_4,2023-M02,,R,,2,,Encuesta Mensual de Remuneraciones y Costos Laborales,0
CL01:DF_IR2023_CIUO(1.0),_T,M,IR2023,VAR12,CIUO_4,2023-M03,,R,,2,,Encuesta Mensual de Remuneraciones y Costos Laborales,0
CL01:DF_IR2023_CIUO(1.0),_T,M,IR2023,VAR12,CIUO_4,2023-M04,,R,,2,,Encuesta Mensual de Remuneraciones y Costos Laborales,0
CL01:DF_IR2023_CIUO(1.0),_T,M,IR2023,VAR12,CIUO_4,2023-M05,,R,,2,,Encuesta Mensual de Remuneraciones y Costos Laborales,0
CL01:DF_IR2023_CIUO(1.0),_T,M,IR2023,VAR12,CIUO_4,2023-M06,,R,,2,,Encuesta Mensual de Remuneraciones y Costos Laborales,0
CL01:DF_IR2023_CIUO(1.0),_T,M,IR2023,VAR12,CIUO_4,2023-M07,,R,,2,,Encuesta Mensual de Remuneraciones y Costos Laborales,0
CL01:DF_IR2023_CIUO(1.0),_T,M,IR2023,VAR12,CIUO_4,2023-M08,,R,,2,,Encuesta Mensual de Remuneraciones y Costos Laborales,0
CL01:DF_IR2023_CIUO(1.0),_T,M,IR2023,VAR12,CIUO_4,2023-M09,,R,,2,,Encuesta Mensual de Remuneraciones y Costos Laborales,0
CL01:DF_IR2023_CIUO(1.0),_T,M,IR2023,VAR12,CIUO_4,2023-M10,,R,,2,,Encuesta Mensual de Remuneraciones y Costos Laborales,0
CL01:DF_IR2023_CIUO(1.0),_T,M,IR2023,VAR12,CIUO_4,2023-M11,,R,,2,,Encuesta Mensual de Remuneraciones y Costos Laborales,0
CL01:DF_IR2023_CIUO(1.0),_T,M,IR2023,VAR12,CIUO_4,2023-M12,,R,,2,,Encuesta Mensual de Remuneraciones y Costos Laborales,0
CL01:DF_IR2023_CIUO(1.0),_T,M,IR2023,VAR12,CIUO_4,2024-M01,6.919642634186918,R,,2,,Encuesta Mensual de Remuneraciones y Costos Laborales,0
CL01:DF_IR2023_CIUO(1.0),_T,M,IR2023,VAR12,CIUO_4,2024-M02,6.846491531132326,R,,2,,Encuesta Mensual de Remuneraciones y Costos Laborales,0
CL01:DF_IR2023_CIUO(1.0),_T,M,IR2023,VAR12,CIUO_4,2024-M03,7.257031123078694,R,,2,,Encuesta Mensual de Remuneraciones y Costos Laborales,0
CL01:DF_IR2023_CIUO(1.0),_T,M,IR2023,VAR12,CIUO_4,2024-M04,7.585307429913746,R,,2,,Encuesta Mensual de Remuneraciones y Costos Laborales,0
CL01:DF_IR2023_CIUO(1.0),_T,M,IR2023,VAR12,CIUO_4,2024-M05,7.453167499483393,R,,2,,Encuesta Mensual de Remuneraciones y Costos Laborales,0
CL01:DF_IR2023_CIUO(1.0),_T,M,IR2023,VAR12,CIUO_4,2024-M06,7.547770432967038,R,,2,,Encuesta Mensual de Remuneraciones y Costos Laborales,0
CL01:DF_IR2023_CIUO(1.0),_T,M,IR2023,VAR12,CIUO_4,2024-M07,8.928376123468862,R,,2,,Encuesta Mensual de Remuneraciones y Costos Laborales,0
CL01:DF_IR2023_CIUO(1.0),_T,M,IR2023,VAR12,CIUO_4,2024-M08,9.373647267424957,R,,2,,Encuesta Mensual de Remuneraciones y Costos Laborales,0
CL01:DF_IR2023_CIUO(1.0),_T,M,IR2023,VAR12,CIUO_4,2024-M09,7.743651479902702,R,,2,,Encuesta Mensual de Remuneraciones y Costos Laborales,0
CL01:DF_IR2023_CIUO(1.0),_T,M,IR2023,VAR12,CIUO_4,2024-M10,8.246243545160791,R,,2,,Encuesta Mensual de Remuneraciones y Costos Laborales,0
CL01:DF_IR2023_CIUO(1.0),_T,M,IR2023,VAR12,CIUO_4,2024-M11,7.969384074335362,R,,2,,Encuesta Mensual de Remuneraciones y Costos Laborales,0
CL01:DF_IR2023_CIUO(1.0),_T,M,IR2023,VAR12,CIUO_4,2024-M12,7.40215597577365,R,,2,,Encuesta Mensual de Remuneraciones y Costos Laborales,0
CL01:DF_IR2023_CIUO(1.0),_T,M,IR2023,VAR12,CIUO_4,2025-M01,8.121791759961328,R,,2,,Encuesta Mensual de Remuneraciones y Costos Laborales,0
CL01:DF_IR2023_CIUO(1.0),_T,M,IR2023,VAR12,CIUO_4,2025-M02,8.2840580417326,R,,2,,Encuesta Mensual de Remuneraciones y Costos Laborales,0
CL01:DF_IR2023_CIUO(1.0),_T,M,IR2023,VAR12,CIUO_4,2025-M03,8.242040622107783,R,,2,,Encuesta Mensual de Remuneraciones y Costos Laborales,0
CL01:DF_IR2023_CIUO(1.0),_T,M,IR2023,VAR12,CIUO_4,2025-M04,8.260690807501515,,,2,,Encuesta Mensual de Remuneraciones y Costos Laborales,0
CL01:DF_IR2023_CIUO(1.0),_T,M,IR2023,VAR12,CIUO_4,2025-M05,7.586096343908988,,,2,,Encuesta Mensual de Remuneraciones y Costos Laborales,0
CL01:DF_IR2023_CIUO(1.0),_T,M,IR2023,VAR12,CIUO_4,2025-M06,7.546971663143842,,,2,,Encuesta Mensual de Remuneraciones y Costos Laborales,0
CL01:DF_IR2023_CIUO(1.0),_T,M,IR2023,VAR12,CIUO_4,2025-M07,5.743756061076577,,,2,,Encuesta Mensual de Remuneraciones y Costos Laborales,0
CL01:DF_IR2023_CIUO(1.0),_T,M,IR2023,VAR12,CIUO_4,2025-M08,5.390598855090745,,,2,,Encuesta Mensual de Remuneraciones y Costos Laborales,0
CL01:DF_IR2023_CIUO(1.0),_T,M,IR2023,VAR12,CIUO_4,2025-M09,5.37136789805126,,,2,,Encuesta Mensual de Remuneraciones y Costos Laborales,0
CL01:DF_IR2023_CIUO(1.0),_T,M,IR2023,VAR12,CIUO_4,2025-M10,5.593627853027883,,,2,,Encuesta Mensual de Remuneraciones y Costos Laborales,0
CL01:DF_IR2023_CIUO(1.0),_T,M,IR2023,VAR12,CIUO_4,2025-M11,6.28790580501104,,,2,,Encuesta Mensual de Remuneraciones y Costos Laborales,0
CL01:DF_IR2023_CIUO(1.0),_T,M,IR2023,VAR12,CIUO_4,2025-M12,6.2282174890125885,,,2,,Encuesta Mensual de Remuneraciones y Costos Laborales,0
CL01:DF_IR2023_CIUO(1.0),_T,M,IR2023,VAR12,CIUO_4,2026-M01,5.356070542352143,,,2,,Encuesta Mensual de Remuneraciones y Costos Laborales,0
CL01:DF_IR2023_CIUO(1.0),_T,M,IR2023,VAR12,CIUO_4,2026-M02,5.558242293234028,,,2,,Encuesta Mensual de Remuneraciones y Costos Laborales,0
CL01:DF_IR2023_CIUO(1.0),_T,M,IR2023,VAR12,CIUO_4,2026-M03,5.378740292509376,,Valor provisional,2,,Encuesta Mensual de Remuneraciones y Costos Laborales,0
CL01:DF_IR2023_CIUO(1.0),_T,M,IR2023,IX,CIUO_2,2023-M01,98.73137793983915,R,,2,,Encuesta Mensual de Remuneraciones y Costos Laborales,0
CL01:DF_IR2023_CIUO(1.0),_T,M,IR2023,IX,CIUO_2,2023-M02,98.17426118188685,R,,2,,Encuesta Mensual de Remuneraciones y Costos Laborales,0
CL01:DF_IR2023_CIUO(1.0),_T,M,IR2023,IX,CIUO_2,2023-M03,98.84352683110107,R,,2,,Encuesta Mensual de Remuneraciones y Costos Laborales,0
CL01:DF_IR2023_CIUO(1.0),_T,M,IR2023,IX,CIUO_2,2023-M04,99.27590530342772,R,,2,,Encuesta Mensual de Remuneraciones y Costos Laborales,0
CL01:DF_IR2023_CIUO(1.0),_T,M,IR2023,IX,CIUO_2,2023-M05,99.039057075809,R,,2,,Encuesta Mensual de Remuneraciones y Costos Laborales,0
CL01:DF_IR2023_CIUO(1.0),_T,M,IR2023,IX,CIUO_2,2023-M06,99.82951119821969,R,,2,,Encuesta Mensual de Remuneraciones y Costos Laborales,0
CL01:DF_IR2023_CIUO(1.0),_T,M,IR2023,IX,CIUO_2,2023-M07,100.18077821927982,R,,2,,Encuesta Mensual de Remuneraciones y Costos Laborales,0
CL01:DF_IR2023_CIUO(1.0),_T,M,IR2023,IX,CIUO_2,2023-M08,100.19507942326403,R,,2,,Encuesta Mensual de Remuneraciones y Costos Laborales,0
CL01:DF_IR2023_CIUO(1.0),_T,M,IR2023,IX,CIUO_2,2023-M09,101.15251911848036,R,,2,,Encuesta Mensual de Remuneraciones y Costos Laborales,0
CL01:DF_IR2023_CIUO(1.0),_T,M,IR2023,IX,CIUO_2,2023-M10,100.82970573426692,R,,2,,Encuesta Mensual de Remuneraciones y Costos Laborales,0
CL01:DF_IR2023_CIUO(1.0),_T,M,IR2023,IX,CIUO_2,2023-M11,100.86682083392355,R,,2,,Encuesta Mensual de Remuneraciones y Costos Laborales,0
CL01:DF_IR2023_CIUO(1.0),_T,M,IR2023,IX,CIUO_2,2023-M12,102.88145714050177,R,,2,,Encuesta Mensual de Remuneraciones y Costos Laborales,0
CL01:DF_IR2023_CIUO(1.0),_T,M,IR2023,IX,CIUO_2,2024-M01,103.98565994268915,R,,2,,Encuesta Mensual de Remuneraciones y Costos Laborales,0
CL01:DF_IR2023_CIUO(1.0),_T,M,IR2023,IX,CIUO_2,2024-M02,103.68892863232975,R,,2,,Encuesta Mensual de Remuneraciones y Costos Laborales,0
CL01:DF_IR2023_CIUO(1.0),_T,M,IR2023,IX,CIUO_2,2024-M03,104.58355275195164,R,,2,,Encuesta Mensual de Remuneraciones y Costos Laborales,0
CL01:DF_IR2023_CIUO(1.0),_T,M,IR2023,IX,CIUO_2,2024-M04,104.85133305739794,,,2,,Encuesta Mensual de Remuneraciones y Costos Laborales,0
CL01:DF_IR2023_CIUO(1.0),_T,M,IR2023,IX,CIUO_2,2024-M05,105.19995013273119,,,2,,Encuesta Mensual de Remuneraciones y Costos Laborales,0
CL01:DF_IR2023_CIUO(1.0),_T,M,IR2023,IX,CIUO_2,2024-M06,106.44043602941673,,,2,,Encuesta Mensual de Remuneraciones y Costos Laborales,0
CL01:DF_IR2023_CIUO(1.0),_T,M,IR2023,IX,CIUO_2,2024-M07,107.20342444666663,,,2,,Encuesta Mensual de Remuneraciones y Costos Laborales,0
CL01:DF_IR2023_CIUO(1.0),_T,M,IR2023,IX,CIUO_2,2024-M08,107.53149028984758,,,2,,Encuesta Mensual de Remuneraciones y Costos Laborales,0
CL01:DF_IR2023_CIUO(1.0),_T,M,IR2023,IX,CIUO_2,2024-M09,107.96765555816538,,,2,,Encuesta Mensual de Remuneraciones y Costos Laborales,0
CL01:DF_IR2023_CIUO(1.0),_T,M,IR2023,IX,CIUO_2,2024-M10,108.18535263932999,,,2,,Encuesta Mensual de Remuneraciones y Costos Laborales,0
CL01:DF_IR2023_CIUO(1.0),_T,M,IR2023,IX,CIUO_2,2024-M11,108.46105850565135,,,2,,Encuesta Mensual de Remuneraciones y Costos Laborales,0
CL01:DF_IR2023_CIUO(1.0),_T,M,IR2023,IX,CIUO_2,2024-M12,109.204909388021,,,2,,Encuesta Mensual de Remuneraciones y Costos Laborales,0
CL01:DF_IR2023_CIUO(1.0),_T,M,IR2023,IX,CIUO_2,2025-M01,111.27687918254361,,,2,,Encuesta Mensual de Remuneraciones y Costos Laborales,0
CL01:DF_IR2023_CIUO(1.0),_T,M,IR2023,IX,CIUO_2,2025-M02,111.52260945806628,,,2,,Encuesta Mensual de Remuneraciones y Costos Laborales,0
CL01:DF_IR2023_CIUO(1.0),_T,M,IR2023,IX,CIUO_2,2025-M03,112.23329154899002,,,2,,Encuesta Mensual de Remuneraciones y Costos Laborales,0
CL01:DF_IR2023_CIUO(1.0),_T,M,IR2023,IX,CIUO_2,2025-M04,112.44239991361988,,,2,,Encuesta Mensual de Remuneraciones y Costos Laborales,0
CL01:DF_IR2023_CIUO(1.0),_T,M,IR2023,IX,CIUO_2,2025-M05,112.66827049669344,,,2,,Encuesta Mensual de Remuneraciones y Costos Laborales,0
CL01:DF_IR2023_CIUO(1.0),_T,M,IR2023,IX,CIUO_2,2025-M06,113.39671106363842,,,2,,Encuesta Mensual de Remuneraciones y Costos Laborales,0
CL01:DF_IR2023_CIUO(1.0),_T,M,IR2023,IX,CIUO_2,2025-M07,114.06846340780272,,,2,,Encuesta Mensual de Remuneraciones y Costos Laborales,0
CL01:DF_IR2023_CIUO(1.0),_T,M,IR2023,IX,CIUO_2,2025-M08,114.15179478843227,,,2,,Encuesta Mensual de Remuneraciones y Costos Laborales,0
CL01:DF_IR2023_CIUO(1.0),_T,M,IR2023,IX,CIUO_2,2025-M09,114.44051842816057,,,2,,Encuesta Mensual de Remuneraciones y Costos Laborales,0
CL01:DF_IR2023_CIUO(1.0),_T,M,IR2023,IX,CIUO_2,2025-M10,114.6957460811673,,,2,,Encuesta Mensual de Remuneraciones y Costos Laborales,0
CL01:DF_IR2023_CIUO(1.0),_T,M,IR2023,IX,CIUO_2,2025-M11,114.91847845428086,,,2,,Encuesta Mensual de Remuneraciones y Costos Laborales,0
CL01:DF_IR2023_CIUO(1.0),_T,M,IR2023,IX,CIUO_2,2025-M12,115.57212606219731,,,2,,Encuesta Mensual de Remuneraciones y Costos Laborales,0
CL01:DF_IR2023_CIUO(1.0),_T,M,IR2023,IX,CIUO_2,2026-M01,115.88231557595213,,,2,,Encuesta Mensual de Remuneraciones y Costos Laborales,0
CL01:DF_IR2023_CIUO(1.0),_T,M,IR2023,IX,CIUO_2,2026-M02,116.64244332018747,,,2,,Encuesta Mensual de Remuneraciones y Costos Laborales,0
CL01:DF_IR2023_CIUO(1.0),_T,M,IR2023,IX,CIUO_2,2026-M03,116.98949309727517,,Valor provisional,2,,Encuesta Mensual de Remuneraciones y Costos Laborales,0
CL01:DF_IR2023_CIUO(1.0),_T,M,IR2023,VAR12,CIUO_9,2023-M01,,R,,2,,Encuesta Mensual de Remuneraciones y Costos Laborales,0
CL01:DF_IR2023_CIUO(1.0),_T,M,IR2023,VAR12,CIUO_9,2023-M02,,R,,2,,Encuesta Mensual de Remuneraciones y Costos Laborales,0
CL01:DF_IR2023_CIUO(1.0),_T,M,IR2023,VAR12,CIUO_9,2023-M03,,R,,2,,Encuesta Mensual de Remuneraciones y Costos Laborales,0
CL01:DF_IR2023_CIUO(1.0),_T,M,IR2023,VAR12,CIUO_9,2023-M04,,R,,2,,Encuesta Mensual de Remuneraciones y Costos Laborales,0
CL01:DF_IR2023_CIUO(1.0),_T,M,IR2023,VAR12,CIUO_9,2023-M05,,R,,2,,Encuesta Mensual de Remuneraciones y Costos Laborales,0
CL01:DF_IR2023_CIUO(1.0),_T,M,IR2023,VAR12,CIUO_9,2023-M06,,R,,2,,Encuesta Mensual de Remuneraciones y Costos Laborales,0
CL01:DF_IR2023_CIUO(1.0),_T,M,IR2023,VAR12,CIUO_9,2023-M07,,R,,2,,Encuesta Mensual de Remuneraciones y Costos Laborales,0
CL01:DF_IR2023_CIUO(1.0),_T,M,IR2023,VAR12,CIUO_9,2023-M08,,R,,2,,Encuesta Mensual de Remuneraciones y Costos Laborales,0
CL01:DF_IR2023_CIUO(1.0),_T,M,IR2023,VAR12,CIUO_9,2023-M09,,R,,2,,Encuesta Mensual de Remuneraciones y Costos Laborales,0
CL01:DF_IR2023_CIUO(1.0),_T,M,IR2023,VAR12,CIUO_9,2023-M10,,R,,2,,Encuesta Mensual de Remuneraciones y Costos Laborales,0
CL01:DF_IR2023_CIUO(1.0),_T,M,IR2023,VAR12,CIUO_9,2023-M11,,R,,2,,Encuesta Mensual de Remuneraciones y Costos Laborales,0
CL01:DF_IR2023_CIUO(1.0),_T,M,IR2023,VAR12,CIUO_9,2023-M12,,R,,2,,Encuesta Mensual de Remuneraciones y Costos Laborales,0
CL01:DF_IR2023_CIUO(1.0),_T,M,IR2023,VAR12,CIUO_9,2024-M01,9.061916920243673,R,,2,,Encuesta Mensual de Remuneraciones y Costos Laborales,0
CL01:DF_IR2023_CIUO(1.0),_T,M,IR2023,VAR12,CIUO_9,2024-M02,8.093955670144194,R,,2,,Encuesta Mensual de Remuneraciones y Costos Laborales,0
CL01:DF_IR2023_CIUO(1.0),_T,M,IR2023,VAR12,CIUO_9,2024-M03,8.52210176421908,R,,2,,Encuesta Mensual de Remuneraciones y Costos Laborales,0
CL01:DF_IR2023_CIUO(1.0),_T,M,IR2023,VAR12,CIUO_9,2024-M04,8.46452486809035,R,,2,,Encuesta Mensual de Remuneraciones y Costos Laborales,0
CL01:DF_IR2023_CIUO(1.0),_T,M,IR2023,VAR12,CIUO_9,2024-M05,7.905050746005182,R,,2,,Encuesta Mensual de Remuneraciones y Costos Laborales,0
CL01:DF_IR2023_CIUO(1.0),_T,M,IR2023,VAR12,CIUO_9,2024-M06,8.380988829882963,R,,2,,Encuesta Mensual de Remuneraciones y Costos Laborales,0
CL01:DF_IR2023_CIUO(1.0),_T,M,IR2023,VAR12,CIUO_9,2024-M07,12.41137775423653,R,,2,,Encuesta Mensual de Remuneraciones y Costos Laborales,0
CL01:DF_IR2023_CIUO(1.0),_T,M,IR2023,VAR12,CIUO_9,2024-M08,12.745338077206792,R,,2,,Encuesta Mensual de Remuneraciones y Costos Laborales,0
CL01:DF_IR2023_CIUO(1.0),_T,M,IR2023,VAR12,CIUO_9,2024-M09,11.036294688803427,R,,2,,Encuesta Mensual de Remuneraciones y Costos Laborales,0
CL01:DF_IR2023_CIUO(1.0),_T,M,IR2023,VAR12,CIUO_9,2024-M10,11.38230512670868,R,,2,,Encuesta Mensual de Remuneraciones y Costos Laborales,0
CL01:DF_IR2023_CIUO(1.0),_T,M,IR2023,VAR12,CIUO_9,2024-M11,11.926482386292081,R,,2,,Encuesta Mensual de Remuneraciones y Costos Laborales,0
CL01:DF_IR2023_CIUO(1.0),_T,M,IR2023,VAR12,CIUO_9,2024-M12,11.12590949463257,R,,2,,Encuesta Mensual de Remuneraciones y Costos Laborales,0
CL01:DF_IR2023_CIUO(1.0),_T,M,IR2023,VAR12,CIUO_9,2025-M01,11.985422854817273,R,,2,,Encuesta Mensual de Remuneraciones y Costos Laborales,0
CL01:DF_IR2023_CIUO(1.0),_T,M,IR2023,VAR12,CIUO_9,2025-M02,12.985482087637546,R,,2,,Encuesta Mensual de Remuneraciones y Costos Laborales,0
CL01:DF_IR2023_CIUO(1.0),_T,M,IR2023,VAR12,CIUO_9,2025-M03,12.316591444291847,R,,2,,Encuesta Mensual de Remuneraciones y Costos Laborales,0
CL01:DF_IR2023_CIUO(1.0),_T,M,IR2023,VAR12,CIUO_9,2025-M04,11.845980578860305,,,2,,Encuesta Mensual de Remuneraciones y Costos Laborales,0
CL01:DF_IR2023_CIUO(1.0),_T,M,IR2023,VAR12,CIUO_9,2025-M05,11.64046618309591,,,2,,Encuesta Mensual de Remuneraciones y Costos Laborales,0
CL01:DF_IR2023_CIUO(1.0),_T,M,IR2023,VAR12,CIUO_9,2025-M06,11.271649835626562,,,2,,Encuesta Mensual de Remuneraciones y Costos Laborales,0
CL01:DF_IR2023_CIUO(1.0),_T,M,IR2023,VAR12,CIUO_9,2025-M07,7.4907465913040205,,,2,,Encuesta Mensual de Remuneraciones y Costos Laborales,0
CL01:DF_IR2023_CIUO(1.0),_T,M,IR2023,VAR12,CIUO_9,2025-M08,7.4768622031257115,,,2,,Encuesta Mensual de Remuneraciones y Costos Laborales,0
CL01:DF_IR2023_CIUO(1.0),_T,M,IR2023,VAR12,CIUO_9,2025-M09,6.5245955834058345,,,2,,Encuesta Mensual de Remuneraciones y Costos Laborales,0
CL01:DF_IR2023_CIUO(1.0),_T,M,IR2023,VAR12,CIUO_9,2025-M10,6.594139465602811,,,2,,Encuesta Mensual de Remuneraciones y Costos Laborales,0
CL01:DF_IR2023_CIUO(1.0),_T,M,IR2023,VAR12,CIUO_9,2025-M11,6.909104442331437,,,2,,Encuesta Mensual de Remuneraciones y Costos Laborales,0
CL01:DF_IR2023_CIUO(1.0),_T,M,IR2023,VAR12,CIUO_9,2025-M12,6.559254008892568,,,2,,Encuesta Mensual de Remuneraciones y Costos Laborales,0
CL01:DF_IR2023_CIUO(1.0),_T,M,IR2023,VAR12,CIUO_9,2026-M01,5.8820647117241665,,,2,,Encuesta Mensual de Remuneraciones y Costos Laborales,0
CL01:DF_IR2023_CIUO(1.0),_T,M,IR2023,VAR12,CIUO_9,2026-M02,5.419213820573909,,,2,,Encuesta Mensual de Remuneraciones y Costos Laborales,0
CL01:DF_IR2023_CIUO(1.0),_T,M,IR2023,VAR12,CIUO_9,2026-M03,6.466476428869727,,Valor provisional,2,,Encuesta Mensual de Remuneraciones y Costos Laborales,0
CL01:DF_IR2023_CIUO(1.0),_T,M,IR2023,IX,CIUO_1,2023-M01,98.3812667604192,R,,2,,Encuesta Mensual de Remuneraciones y Costos Laborales,0
CL01:DF_IR2023_CIUO(1.0),_T,M,IR2023,IX,CIUO_1,2023-M02,97.07967834506205,R,,2,,Encuesta Mensual de Remuneraciones y Costos Laborales,0
CL01:DF_IR2023_CIUO(1.0),_T,M,IR2023,IX,CIUO_1,2023-M03,98.15109234334884,R,,2,,Encuesta Mensual de Remuneraciones y Costos Laborales,0
CL01:DF_IR2023_CIUO(1.0),_T,M,IR2023,IX,CIUO_1,2023-M04,99.18627438565117,R,,2,,Encuesta Mensual de Remuneraciones y Costos Laborales,0
CL01:DF_IR2023_CIUO(1.0),_T,M,IR2023,IX,CIUO_1,2023-M05,99.07020483453982,R,,2,,Encuesta Mensual de Remuneraciones y Costos Laborales,0
CL01:DF_IR2023_CIUO(1.0),_T,M,IR2023,IX,CIUO_1,2023-M06,100.09827218065801,R,,2,,Encuesta Mensual de Remuneraciones y Costos Laborales,0
CL01:DF_IR2023_CIUO(1.0),_T,M,IR2023,IX,CIUO_1,2023-M07,100.61983729073872,R,,2,,Encuesta Mensual de Remuneraciones y Costos Laborales,0
CL01:DF_IR2023_CIUO(1.0),_T,M,IR2023,IX,CIUO_1,2023-M08,100.60574140105784,R,,2,,Encuesta Mensual de Remuneraciones y Costos Laborales,0
CL01:DF_IR2023_CIUO(1.0),_T,M,IR2023,IX,CIUO_1,2023-M09,101.49741512940666,R,,2,,Encuesta Mensual de Remuneraciones y Costos Laborales,0
CL01:DF_IR2023_CIUO(1.0),_T,M,IR2023,IX,CIUO_1,2023-M10,101.46009540061978,R,,2,,Encuesta Mensual de Remuneraciones y Costos Laborales,0
CL01:DF_IR2023_CIUO(1.0),_T,M,IR2023,IX,CIUO_1,2023-M11,101.54381977437556,R,,2,,Encuesta Mensual de Remuneraciones y Costos Laborales,0
CL01:DF_IR2023_CIUO(1.0),_T,M,IR2023,IX,CIUO_1,2023-M12,102.30630215412242,R,,2,,Encuesta Mensual de Remuneraciones y Costos Laborales,0
CL01:DF_IR2023_CIUO(1.0),_T,M,IR2023,IX,CIUO_1,2024-M01,102.69875467863577,R,,2,,Encuesta Mensual de Remuneraciones y Costos Laborales,0
CL01:DF_IR2023_CIUO(1.0),_T,M,IR2023,IX,CIUO_1,2024-M02,102.75888107881845,R,,2,,Encuesta Mensual de Remuneraciones y Costos Laborales,0
CL01:DF_IR2023_CIUO(1.0),_T,M,IR2023,IX,CIUO_1,2024-M03,104.0460892688816,R,,2,,Encuesta Mensual de Remuneraciones y Costos Laborales,0
CL01:DF_IR2023_CIUO(1.0),_T,M,IR2023,IX,CIUO_1,2024-M04,104.50242344273957,,,2,,Encuesta Mensual de Remuneraciones y Costos Laborales,0
CL01:DF_IR2023_CIUO(1.0),_T,M,IR2023,IX,CIUO_1,2024-M05,105.3544575096362,,,2,,Encuesta Mensual de Remuneraciones y Costos Laborales,0
CL01:DF_IR2023_CIUO(1.0),_T,M,IR2023,IX,CIUO_1,2024-M06,106.04116543178334,,,2,,Encuesta Mensual de Remuneraciones y Costos Laborales,0
CL01:DF_IR2023_CIUO(1.0),_T,M,IR2023,IX,CIUO_1,2024-M07,106.68791547506693,,,2,,Encuesta Mensual de Remuneraciones y Costos Laborales,0
CL01:DF_IR2023_CIUO(1.0),_T,M,IR2023,IX,CIUO_1,2024-M08,106.88403370323933,,,2,,Encuesta Mensual de Remuneraciones y Costos Laborales,0
CL01:DF_IR2023_CIUO(1.0),_T,M,IR2023,IX,CIUO_1,2024-M09,107.59527083044277,,,2,,Encuesta Mensual de Remuneraciones y Costos Laborales,0
CL01:DF_IR2023_CIUO(1.0),_T,M,IR2023,IX,CIUO_1,2024-M10,107.78546445118691,,,2,,Encuesta Mensual de Remuneraciones y Costos Laborales,0
CL01:DF_IR2023_CIUO(1.0),_T,M,IR2023,IX,CIUO_1,2024-M11,108.32463924459513,,,2,,Encuesta Mensual de Remuneraciones y Costos Laborales,0
CL01:DF_IR2023_CIUO(1.0),_T,M,IR2023,IX,CIUO_1,2024-M12,108.27934673961222,,,2,,Encuesta Mensual de Remuneraciones y Costos Laborales,0
CL01:DF_IR2023_CIUO(1.0),_T,M,IR2023,IX,CIUO_1,2025-M01,109.7806024998889,,,2,,Encuesta Mensual de Remuneraciones y Costos Laborales,0
CL01:DF_IR2023_CIUO(1.0),_T,M,IR2023,IX,CIUO_1,2025-M02,110.3183085345913,,,2,,Encuesta Mensual de Remuneraciones y Costos Laborales,0
CL01:DF_IR2023_CIUO(1.0),_T,M,IR2023,IX,CIUO_1,2025-M03,109.89437774459603,,,2,,Encuesta Mensual de Remuneraciones y Costos Laborales,0
CL01:DF_IR2023_CIUO(1.0),_T,M,IR2023,IX,CIUO_1,2025-M04,109.3701456755589,,,2,,Encuesta Mensual de Remuneraciones y Costos Laborales,0
CL01:DF_IR2023_CIUO(1.0),_T,M,IR2023,IX,CIUO_1,2025-M05,109.7455025391845,,,2,,Encuesta Mensual de Remuneraciones y Costos Laborales,0
CL01:DF_IR2023_CIUO(1.0),_T,M,IR2023,IX,CIUO_1,2025-M06,110.40503415791125,,,2,,Encuesta Mensual de Remuneraciones y Costos Laborales,0
CL01:DF_IR2023_CIUO(1.0),_T,M,IR2023,IX,CIUO_1,2025-M07,111.17648388140464,,,2,,Encuesta Mensual de Remuneraciones y Costos Laborales,0
CL01:DF_IR2023_CIUO(1.0),_T,M,IR2023,IX,CIUO_1,2025-M08,111.77314078764597,,,2,,Encuesta Mensual de Remuneraciones y Costos Laborales,0
CL01:DF_IR2023_CIUO(1.0),_T,M,IR2023,IX,CIUO_1,2025-M09,111.9517126936935,,,2,,Encuesta Mensual de Remuneraciones y Costos Laborales,0
CL01:DF_IR2023_CIUO(1.0),_T,M,IR2023,IX,CIUO_1,2025-M10,112.40993572367472,,,2,,Encuesta Mensual de Remuneraciones y Costos Laborales,0
CL01:DF_IR2023_CIUO(1.0),_T,M,IR2023,IX,CIUO_1,2025-M11,112.61322022474475,,,2,,Encuesta Mensual de Remuneraciones y Costos Laborales,0
CL01:DF_IR2023_CIUO(1.0),_T,M,IR2023,IX,CIUO_1,2025-M12,113.96373732673065,,,2,,Encuesta Mensual de Remuneraciones y Costos Laborales,0
CL01:DF_IR2023_CIUO(1.0),_T,M,IR2023,IX,CIUO_1,2026-M01,114.37193969642725,,,2,,Encuesta Mensual de Remuneraciones y Costos Laborales,0
CL01:DF_IR2023_CIUO(1.0),_T,M,IR2023,IX,CIUO_1,2026-M02,114.91924488086472,,,2,,Encuesta Mensual de Remuneraciones y Costos Laborales,0
CL01:DF_IR2023_CIUO(1.0),_T,M,IR2023,IX,CIUO_1,2026-M03,115.65561297968432,,Valor provisional,2,,Encuesta Mensual de Remuneraciones y Costos Laborales,0
CL01:DF_IR2023_CIUO(1.0),_T,M,IR2023,IX,CIUO_5B,2023-M01,99.69550255272682,R,,2,,Encuesta Mensual de Remuneraciones y Costos Laborales,0
CL01:DF_IR2023_CIUO(1.0),_T,M,IR2023,IX,CIUO_5B,2023-M02,97.19934354282043,R,,2,,Encuesta Mensual de Remuneraciones y Costos Laborales,0
CL01:DF_IR2023_CIUO(1.0),_T,M,IR2023,IX,CIUO_5B,2023-M03,95.96007647949487,R,,2,,Encuesta Mensual de Remuneraciones y Costos Laborales,0
CL01:DF_IR2023_CIUO(1.0),_T,M,IR2023,IX,CIUO_5B,2023-M04,95.98803735941082,R,,2,,Encuesta Mensual de Remuneraciones y Costos Laborales,0
CL01:DF_IR2023_CIUO(1.0),_T,M,IR2023,IX,CIUO_5B,2023-M05,98.06823910275182,R,,2,,Encuesta Mensual de Remuneraciones y Costos Laborales,0
CL01:DF_IR2023_CIUO(1.0),_T,M,IR2023,IX,CIUO_5B,2023-M06,101.88634207464342,R,,2,,Encuesta Mensual de Remuneraciones y Costos Laborales,0
CL01:DF_IR2023_CIUO(1.0),_T,M,IR2023,IX,CIUO_5B,2023-M07,101.39053900462528,R,,2,,Encuesta Mensual de Remuneraciones y Costos Laborales,0
CL01:DF_IR2023_CIUO(1.0),_T,M,IR2023,IX,CIUO_5B,2023-M08,100.20926973876786,R,,2,,Encuesta Mensual de Remuneraciones y Costos Laborales,0
CL01:DF_IR2023_CIUO(1.0),_T,M,IR2023,IX,CIUO_5B,2023-M09,102.31887775982088,R,,2,,Encuesta Mensual de Remuneraciones y Costos Laborales,0
CL01:DF_IR2023_CIUO(1.0),_T,M,IR2023,IX,CIUO_5B,2023-M10,101.89589086938622,R,,2,,Encuesta Mensual de Remuneraciones y Costos Laborales,0
CL01:DF_IR2023_CIUO(1.0),_T,M,IR2023,IX,CIUO_5B,2023-M11,100.67021374982423,R,,2,,Encuesta Mensual de Remuneraciones y Costos Laborales,0
CL01:DF_IR2023_CIUO(1.0),_T,M,IR2023,IX,CIUO_5B,2023-M12,104.71766776572737,R,,2,,Encuesta Mensual de Remuneraciones y Costos Laborales,0
CL01:DF_IR2023_CIUO(1.0),_T,M,IR2023,IX,CIUO_5B,2024-M01,105.70923855597188,R,,2,,Encuesta Mensual de Remuneraciones y Costos Laborales,0
CL01:DF_IR2023_CIUO(1.0),_T,M,IR2023,IX,CIUO_5B,2024-M02,104.32227547945978,R,,2,,Encuesta Mensual de Remuneraciones y Costos Laborales,0
CL01:DF_IR2023_CIUO(1.0),_T,M,IR2023,IX,CIUO_5B,2024-M03,105.1290266156831,R,,2,,Encuesta Mensual de Remuneraciones y Costos Laborales,0
CL01:DF_IR2023_CIUO(1.0),_T,M,IR2023,IX,CIUO_5B,2024-M04,105.37087361066892,,,2,,Encuesta Mensual de Remuneraciones y Costos Laborales,0
CL01:DF_IR2023_CIUO(1.0),_T,M,IR2023,IX,CIUO_5B,2024-M05,105.1392983738797,,,2,,Encuesta Mensual de Remuneraciones y Costos Laborales,0
CL01:DF_IR2023_CIUO(1.0),_T,M,IR2023,IX,CIUO_5B,2024-M06,108.03598164644224,,,2,,Encuesta Mensual de Remuneraciones y Costos Laborales,0
CL01:DF_IR2023_CIUO(1.0),_T,M,IR2023,IX,CIUO_5B,2024-M07,111.45657431525316,,,2,,Encuesta Mensual de Remuneraciones y Costos Laborales,0
CL01:DF_IR2023_CIUO(1.0),_T,M,IR2023,IX,CIUO_5B,2024-M08,113.52941687150745,,,2,,Encuesta Mensual de Remuneraciones y Costos Laborales,0
CL01:DF_IR2023_CIUO(1.0),_T,M,IR2023,IX,CIUO_5B,2024-M09,114.76220632308315,,,2,,Encuesta Mensual de Remuneraciones y Costos Laborales,0
CL01:DF_IR2023_CIUO(1.0),_T,M,IR2023,IX,CIUO_5B,2024-M10,115.6444343804255,,,2,,Encuesta Mensual de Remuneraciones y Costos Laborales,0
CL01:DF_IR2023_CIUO(1.0),_T,M,IR2023,IX,CIUO_5B,2024-M11,115.34232772870857,,,2,,Encuesta Mensual de Remuneraciones y Costos Laborales,0
CL01:DF_IR2023_CIUO(1.0),_T,M,IR2023,IX,CIUO_5B,2024-M12,117.74398728997579,,,2,,Encuesta Mensual de Remuneraciones y Costos Laborales,0
CL01:DF_IR2023_CIUO(1.0),_T,M,IR2023,IX,CIUO_5B,2025-M01,118.9152582677994,,,2,,Encuesta Mensual de Remuneraciones y Costos Laborales,0
CL01:DF_IR2023_CIUO(1.0),_T,M,IR2023,IX,CIUO_5B,2025-M02,116.80610807314764,,,2,,Encuesta Mensual de Remuneraciones y Costos Laborales,0
CL01:DF_IR2023_CIUO(1.0),_T,M,IR2023,IX,CIUO_5B,2025-M03,117.92449993493686,,,2,,Encuesta Mensual de Remuneraciones y Costos Laborales,0
CL01:DF_IR2023_CIUO(1.0),_T,M,IR2023,IX,CIUO_5B,2025-M04,120.4745583891508,,,2,,Encuesta Mensual de Remuneraciones y Costos Laborales,0
CL01:DF_IR2023_CIUO(1.0),_T,M,IR2023,IX,CIUO_5B,2025-M05,119.89177931185455,,,2,,Encuesta Mensual de Remuneraciones y Costos Laborales,0
CL01:DF_IR2023_CIUO(1.0),_T,M,IR2023,IX,CIUO_5B,2025-M06,120.54927928377833,,,2,,Encuesta Mensual de Remuneraciones y Costos Laborales,0
CL01:DF_IR2023_CIUO(1.0),_T,M,IR2023,IX,CIUO_5B,2025-M07,121.90993972106976,,,2,,Encuesta Mensual de Remuneraciones y Costos Laborales,0
CL01:DF_IR2023_CIUO(1.0),_T,M,IR2023,IX,CIUO_5B,2025-M08,121.91241904641026,,,2,,Encuesta Mensual de Remuneraciones y Costos Laborales,0
CL01:DF_IR2023_CIUO(1.0),_T,M,IR2023,IX,CIUO_5B,2025-M09,123.58061950569221,,,2,,Encuesta Mensual de Remuneraciones y Costos Laborales,0
CL01:DF_IR2023_CIUO(1.0),_T,M,IR2023,IX,CIUO_5B,2025-M10,124.05550935695804,,,2,,Encuesta Mensual de Remuneraciones y Costos Laborales,0
CL01:DF_IR2023_CIUO(1.0),_T,M,IR2023,IX,CIUO_5B,2025-M11,123.44718115865999,,,2,,Encuesta Mensual de Remuneraciones y Costos Laborales,0
CL01:DF_IR2023_CIUO(1.0),_T,M,IR2023,IX,CIUO_5B,2025-M12,126.14006656585133,,,2,,Encuesta Mensual de Remuneraciones y Costos Laborales,0
CL01:DF_IR2023_CIUO(1.0),_T,M,IR2023,IX,CIUO_5B,2026-M01,127.17908278265946,,,2,,Encuesta Mensual de Remuneraciones y Costos Laborales,0
CL01:DF_IR2023_CIUO(1.0),_T,M,IR2023,IX,CIUO_5B,2026-M02,123.21460876756936,,,2,,Encuesta Mensual de Remuneraciones y Costos Laborales,0
CL01:DF_IR2023_CIUO(1.0),_T,M,IR2023,IX,CIUO_5B,2026-M03,124.30061162551466,,Valor provisional,2,,Encuesta Mensual de Remuneraciones y Costos Laborales,0
CL01:DF_IR2023_CIUO(1.0),_T,M,IR2023,VAR12,CIUO_5A,2023-M01,,R,,2,,Encuesta Mensual de Remuneraciones y Costos Laborales,0
CL01:DF_IR2023_CIUO(1.0),_T,M,IR2023,VAR12,CIUO_5A,2023-M02,,R,,2,,Encuesta Mensual de Remuneraciones y Costos Laborales,0
CL01:DF_IR2023_CIUO(1.0),_T,M,IR2023,VAR12,CIUO_5A,2023-M03,,R,,2,,Encuesta Mensual de Remuneraciones y Costos Laborales,0
CL01:DF_IR2023_CIUO(1.0),_T,M,IR2023,VAR12,CIUO_5A,2023-M04,,R,,2,,Encuesta Mensual de Remuneraciones y Costos Laborales,0
CL01:DF_IR2023_CIUO(1.0),_T,M,IR2023,VAR12,CIUO_5A,2023-M05,,R,,2,,Encuesta Mensual de Remuneraciones y Costos Laborales,0
CL01:DF_IR2023_CIUO(1.0),_T,M,IR2023,VAR12,CIUO_5A,2023-M06,,R,,2,,Encuesta Mensual de Remuneraciones y Costos Laborales,0
CL01:DF_IR2023_CIUO(1.0),_T,M,IR2023,VAR12,CIUO_5A,2023-M07,,R,,2,,Encuesta Mensual de Remuneraciones y Costos Laborales,0
CL01:DF_IR2023_CIUO(1.0),_T,M,IR2023,VAR12,CIUO_5A,2023-M08,,R,,2,,Encuesta Mensual de Remuneraciones y Costos Laborales,0
CL01:DF_IR2023_CIUO(1.0),_T,M,IR2023,VAR12,CIUO_5A,2023-M09,,R,,2,,Encuesta Mensual de Remuneraciones y Costos Laborales,0
CL01:DF_IR2023_CIUO(1.0),_T,M,IR2023,VAR12,CIUO_5A,2023-M10,,R,,2,,Encuesta Mensual de Remuneraciones y Costos Laborales,0
CL01:DF_IR2023_CIUO(1.0),_T,M,IR2023,VAR12,CIUO_5A,2023-M11,,R,,2,,Encuesta Mensual de Remuneraciones y Costos Laborales,0
CL01:DF_IR2023_CIUO(1.0),_T,M,IR2023,VAR12,CIUO_5A,2023-M12,,R,,2,,Encuesta Mensual de Remuneraciones y Costos Laborales,0
CL01:DF_IR2023_CIUO(1.0),_T,M,IR2023,VAR12,CIUO_5A,2024-M01,9.677740649972133,R,,2,,Encuesta Mensual de Remuneraciones y Costos Laborales,0
CL01:DF_IR2023_CIUO(1.0),_T,M,IR2023,VAR12,CIUO_5A,2024-M02,7.905746345944764,R,,2,,Encuesta Mensual de Remuneraciones y Costos Laborales,0
CL01:DF_IR2023_CIUO(1.0),_T,M,IR2023,VAR12,CIUO_5A,2024-M03,9.566756810595422,R,,2,,Encuesta Mensual de Remuneraciones y Costos Laborales,0
CL01:DF_IR2023_CIUO(1.0),_T,M,IR2023,VAR12,CIUO_5A,2024-M04,9.810723334629046,R,,2,,Encuesta Mensual de Remuneraciones y Costos Laborales,0
CL01:DF_IR2023_CIUO(1.0),_T,M,IR2023,VAR12,CIUO_5A,2024-M05,9.284034480654846,R,,2,,Encuesta Mensual de Remuneraciones y Costos Laborales,0
CL01:DF_IR2023_CIUO(1.0),_T,M,IR2023,VAR12,CIUO_5A,2024-M06,9.520603581240849,R,,2,,Encuesta Mensual de Remuneraciones y Costos Laborales,0
CL01:DF_IR2023_CIUO(1.0),_T,M,IR2023,VAR12,CIUO_5A,2024-M07,14.745881818670403,R,,2,,Encuesta Mensual de Remuneraciones y Costos Laborales,0
CL01:DF_IR2023_CIUO(1.0),_T,M,IR2023,VAR12,CIUO_5A,2024-M08,14.069572392952502,R,,2,,Encuesta Mensual de Remuneraciones y Costos Laborales,0
CL01:DF_IR2023_CIUO(1.0),_T,M,IR2023,VAR12,CIUO_5A,2024-M09,11.435339913803055,R,,2,,Encuesta Mensual de Remuneraciones y Costos Laborales,0
CL01:DF_IR2023_CIUO(1.0),_T,M,IR2023,VAR12,CIUO_5A,2024-M10,11.228465651064589,R,,2,,Encuesta Mensual de Remuneraciones y Costos Laborales,0
CL01:DF_IR2023_CIUO(1.0),_T,M,IR2023,VAR12,CIUO_5A,2024-M11,10.34519946791248,R,,2,,Encuesta Mensual de Remuneraciones y Costos Laborales,0
CL01:DF_IR2023_CIUO(1.0),_T,M,IR2023,VAR12,CIUO_5A,2024-M12,8.89090175716274,R,,2,,Encuesta Mensual de Remuneraciones y Costos Laborales,0
CL01:DF_IR2023_CIUO(1.0),_T,M,IR2023,VAR12,CIUO_5A,2025-M01,10.86226818402929,R,,2,,Encuesta Mensual de Remuneraciones y Costos Laborales,0
CL01:DF_IR2023_CIUO(1.0),_T,M,IR2023,VAR12,CIUO_5A,2025-M02,11.30232374015636,R,,2,,Encuesta Mensual de Remuneraciones y Costos Laborales,0
CL01:DF_IR2023_CIUO(1.0),_T,M,IR2023,VAR12,CIUO_5A,2025-M03,11.425638834356878,R,,2,,Encuesta Mensual de Remuneraciones y Costos Laborales,0
CL01:DF_IR2023_CIUO(1.0),_T,M,IR2023,VAR12,CIUO_5A,2025-M04,12.499027168875166,,,2,,Encuesta Mensual de Remuneraciones y Costos Laborales,0
CL01:DF_IR2023_CIUO(1.0),_T,M,IR2023,VAR12,CIUO_5A,2025-M05,10.953240582597656,,,2,,Encuesta Mensual de Remuneraciones y Costos Laborales,0
CL01:DF_IR2023_CIUO(1.0),_T,M,IR2023,VAR12,CIUO_5A,2025-M06,11.312963705105904,,,2,,Encuesta Mensual de Remuneraciones y Costos Laborales,0
CL01:DF_IR2023_CIUO(1.0),_T,M,IR2023,VAR12,CIUO_5A,2025-M07,6.5540811463755455,,,2,,Encuesta Mensual de Remuneraciones y Costos Laborales,0
CL01:DF_IR2023_CIUO(1.0),_T,M,IR2023,VAR12,CIUO_5A,2025-M08,5.946167796092472,,,2,,Encuesta Mensual de Remuneraciones y Costos Laborales,0
CL01:DF_IR2023_CIUO(1.0),_T,M,IR2023,VAR12,CIUO_5A,2025-M09,5.626869989538252,,,2,,Encuesta Mensual de Remuneraciones y Costos Laborales,0
CL01:DF_IR2023_CIUO(1.0),_T,M,IR2023,VAR12,CIUO_5A,2025-M10,5.276669232480069,,,2,,Encuesta Mensual de Remuneraciones y Costos Laborales,0
CL01:DF_IR2023_CIUO(1.0),_T,M,IR2023,VAR12,CIUO_5A,2025-M11,6.384889800441473,,,2,,Encuesta Mensual de Remuneraciones y Costos Laborales,0
CL01:DF_IR2023_CIUO(1.0),_T,M,IR2023,VAR12,CIUO_5A,2025-M12,6.286907312352197,,,2,,Encuesta Mensual de Remuneraciones y Costos Laborales,0
CL01:DF_IR2023_CIUO(1.0),_T,M,IR2023,VAR12,CIUO_5A,2026-M01,5.3255922838080005,,,2,,Encuesta Mensual de Remuneraciones y Costos Laborales,0
CL01:DF_IR2023_CIUO(1.0),_T,M,IR2023,VAR12,CIUO_5A,2026-M02,5.6788170656968395,,,2,,Encuesta Mensual de Remuneraciones y Costos Laborales,0
CL01:DF_IR2023_CIUO(1.0),_T,M,IR2023,VAR12,CIUO_5A,2026-M03,5.3272888804996255,,Valor provisional,2,,Encuesta Mensual de Remuneraciones y Costos Laborales,0
CL01:DF_IR2023_CIUO(1.0),_T,M,IR2023,IX,CIUO_9,2023-M01,96.3074449801607,R,,2,,Encuesta Mensual de Remuneraciones y Costos Laborales,0
CL01:DF_IR2023_CIUO(1.0),_T,M,IR2023,IX,CIUO_9,2023-M02,96.44283898019503,R,,2,,Encuesta Mensual de Remuneraciones y Costos Laborales,0
CL01:DF_IR2023_CIUO(1.0),_T,M,IR2023,IX,CIUO_9,2023-M03,96.99365251391457,R,,2,,Encuesta Mensual de Remuneraciones y Costos Laborales,0
CL01:DF_IR2023_CIUO(1.0),_T,M,IR2023,IX,CIUO_9,2023-M04,97.78896829472613,R,,2,,Encuesta Mensual de Remuneraciones y Costos Laborales,0
CL01:DF_IR2023_CIUO(1.0),_T,M,IR2023,IX,CIUO_9,2023-M05,99.16086969555256,R,,2,,Encuesta Mensual de Remuneraciones y Costos Laborales,0
CL01:DF_IR2023_CIUO(1.0),_T,M,IR2023,IX,CIUO_9,2023-M06,100.23710090978392,R,,2,,Encuesta Mensual de Remuneraciones y Costos Laborales,0
CL01:DF_IR2023_CIUO(1.0),_T,M,IR2023,IX,CIUO_9,2023-M07,100.55824394446883,R,,2,,Encuesta Mensual de Remuneraciones y Costos Laborales,0
CL01:DF_IR2023_CIUO(1.0),_T,M,IR2023,IX,CIUO_9,2023-M08,100.13582590933163,R,,2,,Encuesta Mensual de Remuneraciones y Costos Laborales,0
CL01:DF_IR2023_CIUO(1.0),_T,M,IR2023,IX,CIUO_9,2023-M09,103.04967875446255,R,,2,,Encuesta Mensual de Remuneraciones y Costos Laborales,0
CL01:DF_IR2023_CIUO(1.0),_T,M,IR2023,IX,CIUO_9,2023-M10,102.45208543282384,R,,2,,Encuesta Mensual de Remuneraciones y Costos Laborales,0
CL01:DF_IR2023_CIUO(1.0),_T,M,IR2023,IX,CIUO_9,2023-M11,102.5226507555894,R,,2,,Encuesta Mensual de Remuneraciones y Costos Laborales,0
CL01:DF_IR2023_CIUO(1.0),_T,M,IR2023,IX,CIUO_9,2023-M12,104.35063982899088,R,,2,,Encuesta Mensual de Remuneraciones y Costos Laborales,0
CL01:DF_IR2023_CIUO(1.0),_T,M,IR2023,IX,CIUO_9,2024-M01,105.03474563227225,R,,2,,Encuesta Mensual de Remuneraciones y Costos Laborales,0
CL01:DF_IR2023_CIUO(1.0),_T,M,IR2023,IX,CIUO_9,2024-M02,104.24887961428057,R,,2,,Encuesta Mensual de Remuneraciones y Costos Laborales,0
CL01:DF_IR2023_CIUO(1.0),_T,M,IR2023,IX,CIUO_9,2024-M03,105.25955028598341,R,,2,,Encuesta Mensual de Remuneraciones y Costos Laborales,0
CL01:DF_IR2023_CIUO(1.0),_T,M,IR2023,IX,CIUO_9,2024-M04,106.06633983428222,,,2,,Encuesta Mensual de Remuneraciones y Costos Laborales,0
CL01:DF_IR2023_CIUO(1.0),_T,M,IR2023,IX,CIUO_9,2024-M05,106.99958676516607,,,2,,Encuesta Mensual de Remuneraciones y Costos Laborales,0
CL01:DF_IR2023_CIUO(1.0),_T,M,IR2023,IX,CIUO_9,2024-M06,108.63796114043143,,,2,,Encuesta Mensual de Remuneraciones y Costos Laborales,0
CL01:DF_IR2023_CIUO(1.0),_T,M,IR2023,IX,CIUO_9,2024-M07,113.03890746344354,,,2,,Encuesta Mensual de Remuneraciones y Costos Laborales,0
CL01:DF_IR2023_CIUO(1.0),_T,M,IR2023,IX,CIUO_9,2024-M08,112.89847545787919,,,2,,Encuesta Mensual de Remuneraciones y Costos Laborales,0
CL01:DF_IR2023_CIUO(1.0),_T,M,IR2023,IX,CIUO_9,2024-M09,114.4225449776703,,,2,,Encuesta Mensual de Remuneraciones y Costos Laborales,0
CL01:DF_IR2023_CIUO(1.0),_T,M,IR2023,IX,CIUO_9,2024-M10,114.11349440546411,,,2,,Encuesta Mensual de Remuneraciones y Costos Laborales,0
CL01:DF_IR2023_CIUO(1.0),_T,M,IR2023,IX,CIUO_9,2024-M11,114.7499966399145,,,2,,Encuesta Mensual de Remuneraciones y Costos Laborales,0
CL01:DF_IR2023_CIUO(1.0),_T,M,IR2023,IX,CIUO_9,2024-M12,115.9605975734344,,,2,,Encuesta Mensual de Remuneraciones y Costos Laborales,0
CL01:DF_IR2023_CIUO(1.0),_T,M,IR2023,IX,CIUO_9,2025-M01,117.6236040407818,,,2,,Encuesta Mensual de Remuneraciones y Costos Laborales,0
CL01:DF_IR2023_CIUO(1.0),_T,M,IR2023,IX,CIUO_9,2025-M02,117.7860992031558,,,2,,Encuesta Mensual de Remuneraciones y Costos Laborales,0
CL01:DF_IR2023_CIUO(1.0),_T,M,IR2023,IX,CIUO_9,2025-M03,118.2239390508069,,,2,,Encuesta Mensual de Remuneraciones y Costos Laborales,0
CL01:DF_IR2023_CIUO(1.0),_T,M,IR2023,IX,CIUO_9,2025-M04,118.63093785175926,,,2,,Encuesta Mensual de Remuneraciones y Costos Laborales,0
CL01:DF_IR2023_CIUO(1.0),_T,M,IR2023,IX,CIUO_9,2025-M05,119.45483747861759,,,2,,Encuesta Mensual de Remuneraciones y Costos Laborales,0
CL01:DF_IR2023_CIUO(1.0),_T,M,IR2023,IX,CIUO_9,2025-M06,120.88325170874492,,,2,,Encuesta Mensual de Remuneraciones y Costos Laborales,0
CL01:DF_IR2023_CIUO(1.0),_T,M,IR2023,IX,CIUO_9,2025-M07,121.50636557110873,,,2,,Encuesta Mensual de Remuneraciones y Costos Laborales,0
CL01:DF_IR2023_CIUO(1.0),_T,M,IR2023,IX,CIUO_9,2025-M08,121.33973889729451,,,2,,Encuesta Mensual de Remuneraciones y Costos Laborales,0
CL01:DF_IR2023_CIUO(1.0),_T,M,IR2023,IX,CIUO_9,2025-M09,121.88815329370394,,,2,,Encuesta Mensual de Remuneraciones y Costos Laborales,0
CL01:DF_IR2023_CIUO(1.0),_T,M,IR2023,IX,CIUO_9,2025-M10,121.63829737563329,,,2,,Encuesta Mensual de Remuneraciones y Costos Laborales,0
CL01:DF_IR2023_CIUO(1.0),_T,M,IR2023,IX,CIUO_9,2025-M11,122.67819375533801,,,2,,Encuesta Mensual de Remuneraciones y Costos Laborales,0
CL01:DF_IR2023_CIUO(1.0),_T,M,IR2023,IX,CIUO_9,2025-M12,123.56674771850568,,,2,,Encuesta Mensual de Remuneraciones y Costos Laborales,0
CL01:DF_IR2023_CIUO(1.0),_T,M,IR2023,IX,CIUO_9,2026-M01,124.54230054672279,,,2,,Encuesta Mensual de Remuneraciones y Costos Laborales,0
CL01:DF_IR2023_CIUO(1.0),_T,M,IR2023,IX,CIUO_9,2026-M02,124.1691797698881,,,2,,Encuesta Mensual de Remuneraciones y Costos Laborales,0
CL01:DF_IR2023_CIUO(1.0),_T,M,IR2023,IX,CIUO_9,2026-M03,125.86886220280864,,Valor provisional,2,,Encuesta Mensual de Remuneraciones y Costos Laborales,0
CL01:DF_IR2023_CIUO(1.0),_T,M,IR2023,IX,CIUO_3,2023-M01,98.02891832173913,R,,2,,Encuesta Mensual de Remuneraciones y Costos Laborales,0
CL01:DF_IR2023_CIUO(1.0),_T,M,IR2023,IX,CIUO_3,2023-M02,97.66327242730534,R,,2,,Encuesta Mensual de Remuneraciones y Costos Laborales,0
CL01:DF_IR2023_CIUO(1.0),_T,M,IR2023,IX,CIUO_3,2023-M03,98.17263054186397,R,,2,,Encuesta Mensual de Remuneraciones y Costos Laborales,0
CL01:DF_IR2023_CIUO(1.0),_T,M,IR2023,IX,CIUO_3,2023-M04,99.4645221337158,R,,2,,Encuesta Mensual de Remuneraciones y Costos Laborales,0
CL01:DF_IR2023_CIUO(1.0),_T,M,IR2023,IX,CIUO_3,2023-M05,99.02301929016406,R,,2,,Encuesta Mensual de Remuneraciones y Costos Laborales,0
CL01:DF_IR2023_CIUO(1.0),_T,M,IR2023,IX,CIUO_3,2023-M06,100.0702316205934,R,,2,,Encuesta Mensual de Remuneraciones y Costos Laborales,0
CL01:DF_IR2023_CIUO(1.0),_T,M,IR2023,IX,CIUO_3,2023-M07,100.0012536112729,R,,2,,Encuesta Mensual de Remuneraciones y Costos Laborales,0
CL01:DF_IR2023_CIUO(1.0),_T,M,IR2023,IX,CIUO_3,2023-M08,100.29956744799651,R,,2,,Encuesta Mensual de Remuneraciones y Costos Laborales,0
CL01:DF_IR2023_CIUO(1.0),_T,M,IR2023,IX,CIUO_3,2023-M09,101.64757575448914,R,,2,,Encuesta Mensual de Remuneraciones y Costos Laborales,0
CL01:DF_IR2023_CIUO(1.0),_T,M,IR2023,IX,CIUO_3,2023-M10,101.27341485265603,R,,2,,Encuesta Mensual de Remuneraciones y Costos Laborales,0
CL01:DF_IR2023_CIUO(1.0),_T,M,IR2023,IX,CIUO_3,2023-M11,101.34346749357866,R,,2,,Encuesta Mensual de Remuneraciones y Costos Laborales,0
CL01:DF_IR2023_CIUO(1.0),_T,M,IR2023,IX,CIUO_3,2023-M12,103.01212650462509,R,,2,,Encuesta Mensual de Remuneraciones y Costos Laborales,0
CL01:DF_IR2023_CIUO(1.0),_T,M,IR2023,IX,CIUO_3,2024-M01,103.90828709714376,R,,2,,Encuesta Mensual de Remuneraciones y Costos Laborales,0
CL01:DF_IR2023_CIUO(1.0),_T,M,IR2023,IX,CIUO_3,2024-M02,103.61322917947349,R,,2,,Encuesta Mensual de Remuneraciones y Costos Laborales,0
CL01:DF_IR2023_CIUO(1.0),_T,M,IR2023,IX,CIUO_3,2024-M03,104.36964775743434,R,,2,,Encuesta Mensual de Remuneraciones y Costos Laborales,0
CL01:DF_IR2023_CIUO(1.0),_T,M,IR2023,IX,CIUO_3,2024-M04,105.22362894104961,,,2,,Encuesta Mensual de Remuneraciones y Costos Laborales,0
CL01:DF_IR2023_CIUO(1.0),_T,M,IR2023,IX,CIUO_3,2024-M05,105.87104845116879,,,2,,Encuesta Mensual de Remuneraciones y Costos Laborales,0
CL01:DF_IR2023_CIUO(1.0),_T,M,IR2023,IX,CIUO_3,2024-M06,106.81735897831662,,,2,,Encuesta Mensual de Remuneraciones y Costos Laborales,0
CL01:DF_IR2023_CIUO(1.0),_T,M,IR2023,IX,CIUO_3,2024-M07,108.3741463936857,,,2,,Encuesta Mensual de Remuneraciones y Costos Laborales,0
CL01:DF_IR2023_CIUO(1.0),_T,M,IR2023,IX,CIUO_3,2024-M08,108.67909696299266,,,2,,Encuesta Mensual de Remuneraciones y Costos Laborales,0
CL01:DF_IR2023_CIUO(1.0),_T,M,IR2023,IX,CIUO_3,2024-M09,109.62087759498597,,,2,,Encuesta Mensual de Remuneraciones y Costos Laborales,0
CL01:DF_IR2023_CIUO(1.0),_T,M,IR2023,IX,CIUO_3,2024-M10,109.88498548363155,,,2,,Encuesta Mensual de Remuneraciones y Costos Laborales,0
CL01:DF_IR2023_CIUO(1.0),_T,M,IR2023,IX,CIUO_3,2024-M11,109.86835847870479,,,2,,Encuesta Mensual de Remuneraciones y Costos Laborales,0
CL01:DF_IR2023_CIUO(1.0),_T,M,IR2023,IX,CIUO_3,2024-M12,110.68430826133397,,,2,,Encuesta Mensual de Remuneraciones y Costos Laborales,0
CL01:DF_IR2023_CIUO(1.0),_T,M,IR2023,IX,CIUO_3,2025-M01,112.90741103297724,,,2,,Encuesta Mensual de Remuneraciones y Costos Laborales,0
CL01:DF_IR2023_CIUO(1.0),_T,M,IR2023,IX,CIUO_3,2025-M02,112.85489240595902,,,2,,Encuesta Mensual de Remuneraciones y Costos Laborales,0
CL01:DF_IR2023_CIUO(1.0),_T,M,IR2023,IX,CIUO_3,2025-M03,113.44629427589574,,,2,,Encuesta Mensual de Remuneraciones y Costos Laborales,0
CL01:DF_IR2023_CIUO(1.0),_T,M,IR2023,IX,CIUO_3,2025-M04,114.15079727311736,,,2,,Encuesta Mensual de Remuneraciones y Costos Laborales,0
CL01:DF_IR2023_CIUO(1.0),_T,M,IR2023,IX,CIUO_3,2025-M05,114.57564308275278,,,2,,Encuesta Mensual de Remuneraciones y Costos Laborales,0
CL01:DF_IR2023_CIUO(1.0),_T,M,IR2023,IX,CIUO_3,2025-M06,115.19765557409511,,,2,,Encuesta Mensual de Remuneraciones y Costos Laborales,0
CL01:DF_IR2023_CIUO(1.0),_T,M,IR2023,IX,CIUO_3,2025-M07,115.2624480957587,,,2,,Encuesta Mensual de Remuneraciones y Costos Laborales,0
CL01:DF_IR2023_CIUO(1.0),_T,M,IR2023,IX,CIUO_3,2025-M08,115.71094404063264,,,2,,Encuesta Mensual de Remuneraciones y Costos Laborales,0
CL01:DF_IR2023_CIUO(1.0),_T,M,IR2023,IX,CIUO_3,2025-M09,116.4294201589138,,,2,,Encuesta Mensual de Remuneraciones y Costos Laborales,0
CL01:DF_IR2023_CIUO(1.0),_T,M,IR2023,IX,CIUO_3,2025-M10,116.73770188233424,,,2,,Encuesta Mensual de Remuneraciones y Costos Laborales,0
CL01:DF_IR2023_CIUO(1.0),_T,M,IR2023,IX,CIUO_3,2025-M11,117.21342583336532,,,2,,Encuesta Mensual de Remuneraciones y Costos Laborales,0
CL01:DF_IR2023_CIUO(1.0),_T,M,IR2023,IX,CIUO_3,2025-M12,117.65925013768705,,,2,,Encuesta Mensual de Remuneraciones y Costos Laborales,0
CL01:DF_IR2023_CIUO(1.0),_T,M,IR2023,IX,CIUO_3,2026-M01,118.69913776283565,,,2,,Encuesta Mensual de Remuneraciones y Costos Laborales,0
CL01:DF_IR2023_CIUO(1.0),_T,M,IR2023,IX,CIUO_3,2026-M02,118.89401681763692,,,2,,Encuesta Mensual de Remuneraciones y Costos Laborales,0
CL01:DF_IR2023_CIUO(1.0),_T,M,IR2023,IX,CIUO_3,2026-M03,119.63455990208996,,Valor provisional,2,,Encuesta Mensual de Remuneraciones y Costos Laborales,0
CL01:DF_IR2023_CIUO(1.0),_T,M,IR2023,IX,CIUO_8,2023-M01,98.2087428318455,R,,2,,Encuesta Mensual de Remuneraciones y Costos Laborales,0
CL01:DF_IR2023_CIUO(1.0),_T,M,IR2023,IX,CIUO_8,2023-M02,97.14747739808153,R,,2,,Encuesta Mensual de Remuneraciones y Costos Laborales,0
CL01:DF_IR2023_CIUO(1.0),_T,M,IR2023,IX,CIUO_8,2023-M03,97.53409245280274,R,,2,,Encuesta Mensual de Remuneraciones y Costos Laborales,0
CL01:DF_IR2023_CIUO(1.0),_T,M,IR2023,IX,CIUO_8,2023-M04,98.38661824458359,R,,2,,Encuesta Mensual de Remuneraciones y Costos Laborales,0
CL01:DF_IR2023_CIUO(1.0),_T,M,IR2023,IX,CIUO_8,2023-M05,98.69205073282511,R,,2,,Encuesta Mensual de Remuneraciones y Costos Laborales,0
CL01:DF_IR2023_CIUO(1.0),_T,M,IR2023,IX,CIUO_8,2023-M06,99.31117340096887,R,,2,,Encuesta Mensual de Remuneraciones y Costos Laborales,0
CL01:DF_IR2023_CIUO(1.0),_T,M,IR2023,IX,CIUO_8,2023-M07,100.01272102737857,R,,2,,Encuesta Mensual de Remuneraciones y Costos Laborales,0
CL01:DF_IR2023_CIUO(1.0),_T,M,IR2023,IX,CIUO_8,2023-M08,99.85746502675636,R,,2,,Encuesta Mensual de Remuneraciones y Costos Laborales,0
CL01:DF_IR2023_CIUO(1.0),_T,M,IR2023,IX,CIUO_8,2023-M09,102.05456275353924,R,,2,,Encuesta Mensual de Remuneraciones y Costos Laborales,0
CL01:DF_IR2023_CIUO(1.0),_T,M,IR2023,IX,CIUO_8,2023-M10,102.36554878553368,R,,2,,Encuesta Mensual de Remuneraciones y Costos Laborales,0
CL01:DF_IR2023_CIUO(1.0),_T,M,IR2023,IX,CIUO_8,2023-M11,102.60995285213797,R,,2,,Encuesta Mensual de Remuneraciones y Costos Laborales,0
CL01:DF_IR2023_CIUO(1.0),_T,M,IR2023,IX,CIUO_8,2023-M12,103.81959449354682,R,,2,,Encuesta Mensual de Remuneraciones y Costos Laborales,0
CL01:DF_IR2023_CIUO(1.0),_T,M,IR2023,IX,CIUO_8,2024-M01,103.65789663085482,R,,2,,Encuesta Mensual de Remuneraciones y Costos Laborales,0
CL01:DF_IR2023_CIUO(1.0),_T,M,IR2023,IX,CIUO_8,2024-M02,103.46396231787432,R,,2,,Encuesta Mensual de Remuneraciones y Costos Laborales,0
CL01:DF_IR2023_CIUO(1.0),_T,M,IR2023,IX,CIUO_8,2024-M03,105.0998711243297,R,,2,,Encuesta Mensual de Remuneraciones y Costos Laborales,0
CL01:DF_IR2023_CIUO(1.0),_T,M,IR2023,IX,CIUO_8,2024-M04,106.09260558006511,,,2,,Encuesta Mensual de Remuneraciones y Costos Laborales,0
CL01:DF_IR2023_CIUO(1.0),_T,M,IR2023,IX,CIUO_8,2024-M05,106.07968701717053,,,2,,Encuesta Mensual de Remuneraciones y Costos Laborales,0
CL01:DF_IR2023_CIUO(1.0),_T,M,IR2023,IX,CIUO_8,2024-M06,107.16614858643764,,,2,,Encuesta Mensual de Remuneraciones y Costos Laborales,0
CL01:DF_IR2023_CIUO(1.0),_T,M,IR2023,IX,CIUO_8,2024-M07,109.7262774353883,,,2,,Encuesta Mensual de Remuneraciones y Costos Laborales,0
CL01:DF_IR2023_CIUO(1.0),_T,M,IR2023,IX,CIUO_8,2024-M08,110.10680924281064,,,2,,Encuesta Mensual de Remuneraciones y Costos Laborales,0
CL01:DF_IR2023_CIUO(1.0),_T,M,IR2023,IX,CIUO_8,2024-M09,111.68090838510878,,,2,,Encuesta Mensual de Remuneraciones y Costos Laborales,0
CL01:DF_IR2023_CIUO(1.0),_T,M,IR2023,IX,CIUO_8,2024-M10,111.843588100911,,,2,,Encuesta Mensual de Remuneraciones y Costos Laborales,0
CL01:DF_IR2023_CIUO(1.0),_T,M,IR2023,IX,CIUO_8,2024-M11,112.43013778220275,,,2,,Encuesta Mensual de Remuneraciones y Costos Laborales,0
CL01:DF_IR2023_CIUO(1.0),_T,M,IR2023,IX,CIUO_8,2024-M12,113.386670576094,,,2,,Encuesta Mensual de Remuneraciones y Costos Laborales,0
CL01:DF_IR2023_CIUO(1.0),_T,M,IR2023,IX,CIUO_8,2025-M01,114.33827741043106,,,2,,Encuesta Mensual de Remuneraciones y Costos Laborales,0
CL01:DF_IR2023_CIUO(1.0),_T,M,IR2023,IX,CIUO_8,2025-M02,113.79952937857047,,,2,,Encuesta Mensual de Remuneraciones y Costos Laborales,0
CL01:DF_IR2023_CIUO(1.0),_T,M,IR2023,IX,CIUO_8,2025-M03,114.10741887037511,,,2,,Encuesta Mensual de Remuneraciones y Costos Laborales,0
CL01:DF_IR2023_CIUO(1.0),_T,M,IR2023,IX,CIUO_8,2025-M04,115.17143948946395,,,2,,Encuesta Mensual de Remuneraciones y Costos Laborales,0
CL01:DF_IR2023_CIUO(1.0),_T,M,IR2023,IX,CIUO_8,2025-M05,116.26691787467635,,,2,,Encuesta Mensual de Remuneraciones y Costos Laborales,0
CL01:DF_IR2023_CIUO(1.0),_T,M,IR2023,IX,CIUO_8,2025-M06,116.93510354165129,,,2,,Encuesta Mensual de Remuneraciones y Costos Laborales,0
CL01:DF_IR2023_CIUO(1.0),_T,M,IR2023,IX,CIUO_8,2025-M07,117.50752813072016,,,2,,Encuesta Mensual de Remuneraciones y Costos Laborales,0
CL01:DF_IR2023_CIUO(1.0),_T,M,IR2023,IX,CIUO_8,2025-M08,117.55699166915711,,,2,,Encuesta Mensual de Remuneraciones y Costos Laborales,0
CL01:DF_IR2023_CIUO(1.0),_T,M,IR2023,IX,CIUO_8,2025-M09,118.31727212618428,,,2,,Encuesta Mensual de Remuneraciones y Costos Laborales,0
CL01:DF_IR2023_CIUO(1.0),_T,M,IR2023,IX,CIUO_8,2025-M10,118.3654911167918,,,2,,Encuesta Mensual de Remuneraciones y Costos Laborales,0
CL01:DF_IR2023_CIUO(1.0),_T,M,IR2023,IX,CIUO_8,2025-M11,118.96756118746839,,,2,,Encuesta Mensual de Remuneraciones y Costos Laborales,0
CL01:DF_IR2023_CIUO(1.0),_T,M,IR2023,IX,CIUO_8,2025-M12,119.85240453063535,,,2,,Encuesta Mensual de Remuneraciones y Costos Laborales,0
CL01:DF_IR2023_CIUO(1.0),_T,M,IR2023,IX,CIUO_8,2026-M01,120.80627076531881,,,2,,Encuesta Mensual de Remuneraciones y Costos Laborales,0
CL01:DF_IR2023_CIUO(1.0),_T,M,IR2023,IX,CIUO_8,2026-M02,120.32655280218466,,,2,,Encuesta Mensual de Remuneraciones y Costos Laborales,0
CL01:DF_IR2023_CIUO(1.0),_T,M,IR2023,IX,CIUO_8,2026-M03,121.40690508904454,,Valor provisional,2,,Encuesta Mensual de Remuneraciones y Costos Laborales,0
CL01:DF_IR2023_CIUO(1.0),_T,M,IR2023,VAR12,CIUO_7,2023-M01,,R,,2,,Encuesta Mensual de Remuneraciones y Costos Laborales,0
CL01:DF_IR2023_CIUO(1.0),_T,M,IR2023,VAR12,CIUO_7,2023-M02,,R,,2,,Encuesta Mensual de Remuneraciones y Costos Laborales,0
CL01:DF_IR2023_CIUO(1.0),_T,M,IR2023,VAR12,CIUO_7,2023-M03,,R,,2,,Encuesta Mensual de Remuneraciones y Costos Laborales,0
CL01:DF_IR2023_CIUO(1.0),_T,M,IR2023,VAR12,CIUO_7,2023-M04,,R,,2,,Encuesta Mensual de Remuneraciones y Costos Laborales,0
CL01:DF_IR2023_CIUO(1.0),_T,M,IR2023,VAR12,CIUO_7,2023-M05,,R,,2,,Encuesta Mensual de Remuneraciones y Costos Laborales,0
CL01:DF_IR2023_CIUO(1.0),_T,M,IR2023,VAR12,CIUO_7,2023-M06,,R,,2,,Encuesta Mensual de Remuneraciones y Costos Laborales,0
CL01:DF_IR2023_CIUO(1.0),_T,M,IR2023,VAR12,CIUO_7,2023-M07,,R,,2,,Encuesta Mensual de Remuneraciones y Costos Laborales,0
CL01:DF_IR2023_CIUO(1.0),_T,M,IR2023,VAR12,CIUO_7,2023-M08,,R,,2,,Encuesta Mensual de Remuneraciones y Costos Laborales,0
CL01:DF_IR2023_CIUO(1.0),_T,M,IR2023,VAR12,CIUO_7,2023-M09,,R,,2,,Encuesta Mensual de Remuneraciones y Costos Laborales,0
CL01:DF_IR2023_CIUO(1.0),_T,M,IR2023,VAR12,CIUO_7,2023-M10,,R,,2,,Encuesta Mensual de Remuneraciones y Costos Laborales,0
CL01:DF_IR2023_CIUO(1.0),_T,M,IR2023,VAR12,CIUO_7,2023-M11,,R,,2,,Encuesta Mensual de Remuneraciones y Costos Laborales,0
CL01:DF_IR2023_CIUO(1.0),_T,M,IR2023,VAR12,CIUO_7,2023-M12,,R,,2,,Encuesta Mensual de Remuneraciones y Costos Laborales,0
CL01:DF_IR2023_CIUO(1.0),_T,M,IR2023,VAR12,CIUO_7,2024-M01,10.811338897292021,R,,2,,Encuesta Mensual de Remuneraciones y Costos Laborales,0
CL01:DF_IR2023_CIUO(1.0),_T,M,IR2023,VAR12,CIUO_7,2024-M02,9.818227560852733,R,,2,,Encuesta Mensual de Remuneraciones y Costos Laborales,0
CL01:DF_IR2023_CIUO(1.0),_T,M,IR2023,VAR12,CIUO_7,2024-M03,10.480570031667757,R,,2,,Encuesta Mensual de Remuneraciones y Costos Laborales,0
CL01:DF_IR2023_CIUO(1.0),_T,M,IR2023,VAR12,CIUO_7,2024-M04,9.403236103210254,R,,2,,Encuesta Mensual de Remuneraciones y Costos Laborales,0
CL01:DF_IR2023_CIUO(1.0),_T,M,IR2023,VAR12,CIUO_7,2024-M05,7.6647392690532445,R,,2,,Encuesta Mensual de Remuneraciones y Costos Laborales,0
CL01:DF_IR2023_CIUO(1.0),_T,M,IR2023,VAR12,CIUO_7,2024-M06,9.86090202887555,R,,2,,Encuesta Mensual de Remuneraciones y Costos Laborales,0
CL01:DF_IR2023_CIUO(1.0),_T,M,IR2023,VAR12,CIUO_7,2024-M07,11.922888835535762,R,,2,,Encuesta Mensual de Remuneraciones y Costos Laborales,0
CL01:DF_IR2023_CIUO(1.0),_T,M,IR2023,VAR12,CIUO_7,2024-M08,11.886674635338279,R,,2,,Encuesta Mensual de Remuneraciones y Costos Laborales,0
CL01:DF_IR2023_CIUO(1.0),_T,M,IR2023,VAR12,CIUO_7,2024-M09,9.846369742173744,R,,2,,Encuesta Mensual de Remuneraciones y Costos Laborales,0
CL01:DF_IR2023_CIUO(1.0),_T,M,IR2023,VAR12,CIUO_7,2024-M10,10.055956301809953,R,,2,,Encuesta Mensual de Remuneraciones y Costos Laborales,0
CL01:DF_IR2023_CIUO(1.0),_T,M,IR2023,VAR12,CIUO_7,2024-M11,10.160018085967737,R,,2,,Encuesta Mensual de Remuneraciones y Costos Laborales,0
CL01:DF_IR2023_CIUO(1.0),_T,M,IR2023,VAR12,CIUO_7,2024-M12,9.404137200256702,R,,2,,Encuesta Mensual de Remuneraciones y Costos Laborales,0
CL01:DF_IR2023_CIUO(1.0),_T,M,IR2023,VAR12,CIUO_7,2025-M01,10.234935155078606,R,,2,,Encuesta Mensual de Remuneraciones y Costos Laborales,0
CL01:DF_IR2023_CIUO(1.0),_T,M,IR2023,VAR12,CIUO_7,2025-M02,11.254022441401101,R,,2,,Encuesta Mensual de Remuneraciones y Costos Laborales,0
CL01:DF_IR2023_CIUO(1.0),_T,M,IR2023,VAR12,CIUO_7,2025-M03,10.28435504923253,R,,2,,Encuesta Mensual de Remuneraciones y Costos Laborales,0
CL01:DF_IR2023_CIUO(1.0),_T,M,IR2023,VAR12,CIUO_7,2025-M04,10.500034747692455,,,2,,Encuesta Mensual de Remuneraciones y Costos Laborales,0
CL01:DF_IR2023_CIUO(1.0),_T,M,IR2023,VAR12,CIUO_7,2025-M05,12.082203117592517,,,2,,Encuesta Mensual de Remuneraciones y Costos Laborales,0
CL01:DF_IR2023_CIUO(1.0),_T,M,IR2023,VAR12,CIUO_7,2025-M06,10.27029579062797,,,2,,Encuesta Mensual de Remuneraciones y Costos Laborales,0
CL01:DF_IR2023_CIUO(1.0),_T,M,IR2023,VAR12,CIUO_7,2025-M07,7.184361129105232,,,2,,Encuesta Mensual de Remuneraciones y Costos Laborales,0
CL01:DF_IR2023_CIUO(1.0),_T,M,IR2023,VAR12,CIUO_7,2025-M08,6.820652278406691,,,2,,Encuesta Mensual de Remuneraciones y Costos Laborales,0
CL01:DF_IR2023_CIUO(1.0),_T,M,IR2023,VAR12,CIUO_7,2025-M09,6.887303783278309,,,2,,Encuesta Mensual de Remuneraciones y Costos Laborales,0
CL01:DF_IR2023_CIUO(1.0),_T,M,IR2023,VAR12,CIUO_7,2025-M10,7.285567734312992,,,2,,Encuesta Mensual de Remuneraciones y Costos Laborales,0
CL01:DF_IR2023_CIUO(1.0),_T,M,IR2023,VAR12,CIUO_7,2025-M11,7.183284047405358,,,2,,Encuesta Mensual de Remuneraciones y Costos Laborales,0
CL01:DF_IR2023_CIUO(1.0),_T,M,IR2023,VAR12,CIUO_7,2025-M12,7.173202672538093,,,2,,Encuesta Mensual de Remuneraciones y Costos Laborales,0
CL01:DF_IR2023_CIUO(1.0),_T,M,IR2023,VAR12,CIUO_7,2026-M01,6.439057525764658,,,2,,Encuesta Mensual de Remuneraciones y Costos Laborales,0
CL01:DF_IR2023_CIUO(1.0),_T,M,IR2023,VAR12,CIUO_7,2026-M02,5.835561202617723,,,2,,Encuesta Mensual de Remuneraciones y Costos Laborales,0
CL01:DF_IR2023_CIUO(1.0),_T,M,IR2023,VAR12,CIUO_7,2026-M03,5.512958923101219,,Valor provisional,2,,Encuesta Mensual de Remuneraciones y Costos Laborales,0
CL01:DF_IR2023_CIUO(1.0),_T,M,IR2023,VAR12,CIUO_8,2023-M01,,R,,2,,Encuesta Mensual de Remuneraciones y Costos Laborales,0
CL01:DF_IR2023_CIUO(1.0),_T,M,IR2023,VAR12,CIUO_8,2023-M02,,R,,2,,Encuesta Mensual de Remuneraciones y Costos Laborales,0
CL01:DF_IR2023_CIUO(1.0),_T,M,IR2023,VAR12,CIUO_8,2023-M03,,R,,2,,Encuesta Mensual de Remuneraciones y Costos Laborales,0
CL01:DF_IR2023_CIUO(1.0),_T,M,IR2023,VAR12,CIUO_8,2023-M04,,R,,2,,Encuesta Mensual de Remuneraciones y Costos Laborales,0
CL01:DF_IR2023_CIUO(1.0),_T,M,IR2023,VAR12,CIUO_8,2023-M05,,R,,2,,Encuesta Mensual de Remuneraciones y Costos Laborales,0
CL01:DF_IR2023_CIUO(1.0),_T,M,IR2023,VAR12,CIUO_8,2023-M06,,R,,2,,Encuesta Mensual de Remuneraciones y Costos Laborales,0
CL01:DF_IR2023_CIUO(1.0),_T,M,IR2023,VAR12,CIUO_8,2023-M07,,R,,2,,Encuesta Mensual de Remuneraciones y Costos Laborales,0
CL01:DF_IR2023_CIUO(1.0),_T,M,IR2023,VAR12,CIUO_8,2023-M08,,R,,2,,Encuesta Mensual de Remuneraciones y Costos Laborales,0
CL01:DF_IR2023_CIUO(1.0),_T,M,IR2023,VAR12,CIUO_8,2023-M09,,R,,2,,Encuesta Mensual de Remuneraciones y Costos Laborales,0
CL01:DF_IR2023_CIUO(1.0),_T,M,IR2023,VAR12,CIUO_8,2023-M10,,R,,2,,Encuesta Mensual de Remuneraciones y Costos Laborales,0
CL01:DF_IR2023_CIUO(1.0),_T,M,IR2023,VAR12,CIUO_8,2023-M11,,R,,2,,Encuesta Mensual de Remuneraciones y Costos Laborales,0
CL01:DF_IR2023_CIUO(1.0),_T,M,IR2023,VAR12,CIUO_8,2023-M12,,R,,2,,Encuesta Mensual de Remuneraciones y Costos Laborales,0
CL01:DF_IR2023_CIUO(1.0),_T,M,IR2023,VAR12,CIUO_8,2024-M01,5.548542463616957,R,,2,,Encuesta Mensual de Remuneraciones y Costos Laborales,0
CL01:DF_IR2023_CIUO(1.0),_T,M,IR2023,VAR12,CIUO_8,2024-M02,6.5019546456257515,R,,2,,Encuesta Mensual de Remuneraciones y Costos Laborales,0
CL01:DF_IR2023_CIUO(1.0),_T,M,IR2023,VAR12,CIUO_8,2024-M03,7.757060614664635,R,,2,,Encuesta Mensual de Remuneraciones y Costos Laborales,0
CL01:DF_IR2023_CIUO(1.0),_T,M,IR2023,VAR12,CIUO_8,2024-M04,7.832353091275968,R,,2,,Encuesta Mensual de Remuneraciones y Costos Laborales,0
CL01:DF_IR2023_CIUO(1.0),_T,M,IR2023,VAR12,CIUO_8,2024-M05,7.485543394315419,R,,2,,Encuesta Mensual de Remuneraciones y Costos Laborales,0
CL01:DF_IR2023_CIUO(1.0),_T,M,IR2023,VAR12,CIUO_8,2024-M06,7.909457633487338,R,,2,,Encuesta Mensual de Remuneraciones y Costos Laborales,0
CL01:DF_IR2023_CIUO(1.0),_T,M,IR2023,VAR12,CIUO_8,2024-M07,9.71232090100882,R,,2,,Encuesta Mensual de Remuneraciones y Costos Laborales,0
CL01:DF_IR2023_CIUO(1.0),_T,M,IR2023,VAR12,CIUO_8,2024-M08,10.263973968604168,R,,2,,Encuesta Mensual de Remuneraciones y Costos Laborales,0
CL01:DF_IR2023_CIUO(1.0),_T,M,IR2023,VAR12,CIUO_8,2024-M09,9.432548013376984,R,,2,,Encuesta Mensual de Remuneraciones y Costos Laborales,0
CL01:DF_IR2023_CIUO(1.0),_T,M,IR2023,VAR12,CIUO_8,2024-M10,9.259012849366721,R,,2,,Encuesta Mensual de Remuneraciones y Costos Laborales,0
CL01:DF_IR2023_CIUO(1.0),_T,M,IR2023,VAR12,CIUO_8,2024-M11,9.570401951373842,R,,2,,Encuesta Mensual de Remuneraciones y Costos Laborales,0
CL01:DF_IR2023_CIUO(1.0),_T,M,IR2023,VAR12,CIUO_8,2024-M12,9.21509675434329,R,,2,,Encuesta Mensual de Remuneraciones y Costos Laborales,0
CL01:DF_IR2023_CIUO(1.0),_T,M,IR2023,VAR12,CIUO_8,2025-M01,10.303489774263008,R,,2,,Encuesta Mensual de Remuneraciones y Costos Laborales,0
CL01:DF_IR2023_CIUO(1.0),_T,M,IR2023,VAR12,CIUO_8,2025-M02,9.989533388390814,R,,2,,Encuesta Mensual de Remuneraciones y Costos Laborales,0
CL01:DF_IR2023_CIUO(1.0),_T,M,IR2023,VAR12,CIUO_8,2025-M03,8.570465072587762,R,,2,,Encuesta Mensual de Remuneraciones y Costos Laborales,0
CL01:DF_IR2023_CIUO(1.0),_T,M,IR2023,VAR12,CIUO_8,2025-M04,8.557461530669341,,,2,,Encuesta Mensual de Remuneraciones y Costos Laborales,0
CL01:DF_IR2023_CIUO(1.0),_T,M,IR2023,VAR12,CIUO_8,2025-M05,9.603375673475423,,,2,,Encuesta Mensual de Remuneraciones y Costos Laborales,0
CL01:DF_IR2023_CIUO(1.0),_T,M,IR2023,VAR12,CIUO_8,2025-M06,9.115709656519222,,,2,,Encuesta Mensual de Remuneraciones y Costos Laborales,0
CL01:DF_IR2023_CIUO(1.0),_T,M,IR2023,VAR12,CIUO_8,2025-M07,7.091510691150349,,,2,,Encuesta Mensual de Remuneraciones y Costos Laborales,0
CL01:DF_IR2023_CIUO(1.0),_T,M,IR2023,VAR12,CIUO_8,2025-M08,6.76632306174374,,,2,,Encuesta Mensual de Remuneraciones y Costos Laborales,0
CL01:DF_IR2023_CIUO(1.0),_T,M,IR2023,VAR12,CIUO_8,2025-M09,5.942254443518102,,,2,,Encuesta Mensual de Remuneraciones y Costos Laborales,0
CL01:DF_IR2023_CIUO(1.0),_T,M,IR2023,VAR12,CIUO_8,2025-M10,5.831271266079563,,,2,,Encuesta Mensual de Remuneraciones y Costos Laborales,0
CL01:DF_IR2023_CIUO(1.0),_T,M,IR2023,VAR12,CIUO_8,2025-M11,5.814653912396506,,,2,,Encuesta Mensual de Remuneraciones y Costos Laborales,0
CL01:DF_IR2023_CIUO(1.0),_T,M,IR2023,VAR12,CIUO_8,2025-M12,5.702375704031448,,,2,,Encuesta Mensual de Remuneraciones y Costos Laborales,0
CL01:DF_IR2023_CIUO(1.0),_T,M,IR2023,VAR12,CIUO_8,2026-M01,5.656892426033422,,,2,,Encuesta Mensual de Remuneraciones y Costos Laborales,0
CL01:DF_IR2023_CIUO(1.0),_T,M,IR2023,VAR12,CIUO_8,2026-M02,5.735545181299573,,,2,,Encuesta Mensual de Remuneraciones y Costos Laborales,0
CL01:DF_IR2023_CIUO(1.0),_T,M,IR2023,VAR12,CIUO_8,2026-M03,6.397030351691302,,Valor provisional,2,,Encuesta Mensual de Remuneraciones y Costos Laborales,0
CL01:DF_IR2023_CIUO(1.0),_T,M,IR2023,IX,CIUO_5A,2023-M01,96.28209344033188,R,,2,,Encuesta Mensual de Remuneraciones y Costos Laborales,0
CL01:DF_IR2023_CIUO(1.0),_T,M,IR2023,IX,CIUO_5A,2023-M02,96.9987117707958,R,,2,,Encuesta Mensual de Remuneraciones y Costos Laborales,0
CL01:DF_IR2023_CIUO(1.0),_T,M,IR2023,IX,CIUO_5A,2023-M03,96.3878625918851,R,,2,,Encuesta Mensual de Remuneraciones y Costos Laborales,0
CL01:DF_IR2023_CIUO(1.0),_T,M,IR2023,IX,CIUO_5A,2023-M04,96.21893664021064,R,,2,,Encuesta Mensual de Remuneraciones y Costos Laborales,0
CL01:DF_IR2023_CIUO(1.0),_T,M,IR2023,IX,CIUO_5A,2023-M05,98.05088591479348,R,,2,,Encuesta Mensual de Remuneraciones y Costos Laborales,0
CL01:DF_IR2023_CIUO(1.0),_T,M,IR2023,IX,CIUO_5A,2023-M06,98.9636072650051,R,,2,,Encuesta Mensual de Remuneraciones y Costos Laborales,0
CL01:DF_IR2023_CIUO(1.0),_T,M,IR2023,IX,CIUO_5A,2023-M07,99.09015983124647,R,,2,,Encuesta Mensual de Remuneraciones y Costos Laborales,0
CL01:DF_IR2023_CIUO(1.0),_T,M,IR2023,IX,CIUO_5A,2023-M08,100.42880295405372,R,,2,,Encuesta Mensual de Remuneraciones y Costos Laborales,0
CL01:DF_IR2023_CIUO(1.0),_T,M,IR2023,IX,CIUO_5A,2023-M09,103.94578891836069,R,,2,,Encuesta Mensual de Remuneraciones y Costos Laborales,0
CL01:DF_IR2023_CIUO(1.0),_T,M,IR2023,IX,CIUO_5A,2023-M10,103.79657573973438,R,,2,,Encuesta Mensual de Remuneraciones y Costos Laborales,0
CL01:DF_IR2023_CIUO(1.0),_T,M,IR2023,IX,CIUO_5A,2023-M11,104.14741549289752,R,,2,,Encuesta Mensual de Remuneraciones y Costos Laborales,0
CL01:DF_IR2023_CIUO(1.0),_T,M,IR2023,IX,CIUO_5A,2023-M12,105.68915944068526,R,,2,,Encuesta Mensual de Remuneraciones y Costos Laborales,0
CL01:DF_IR2023_CIUO(1.0),_T,M,IR2023,IX,CIUO_5A,2024-M01,105.60002473585102,R,,2,,Encuesta Mensual de Remuneraciones y Costos Laborales,0
CL01:DF_IR2023_CIUO(1.0),_T,M,IR2023,IX,CIUO_5A,2024-M02,104.66718388222898,R,,2,,Encuesta Mensual de Remuneraciones y Costos Laborales,0
CL01:DF_IR2023_CIUO(1.0),_T,M,IR2023,IX,CIUO_5A,2024-M03,105.60905500098163,R,,2,,Encuesta Mensual de Remuneraciones y Costos Laborales,0
CL01:DF_IR2023_CIUO(1.0),_T,M,IR2023,IX,CIUO_5A,2024-M04,105.65871030950373,,,2,,Encuesta Mensual de Remuneraciones y Costos Laborales,0
CL01:DF_IR2023_CIUO(1.0),_T,M,IR2023,IX,CIUO_5A,2024-M05,107.15396397171045,,,2,,Encuesta Mensual de Remuneraciones y Costos Laborales,0
CL01:DF_IR2023_CIUO(1.0),_T,M,IR2023,IX,CIUO_5A,2024-M06,108.3855400024023,,,2,,Encuesta Mensual de Remuneraciones y Costos Laborales,0
CL01:DF_IR2023_CIUO(1.0),_T,M,IR2023,IX,CIUO_5A,2024-M07,113.70187769389369,,,2,,Encuesta Mensual de Remuneraciones y Costos Laborales,0
CL01:DF_IR2023_CIUO(1.0),_T,M,IR2023,IX,CIUO_5A,2024-M08,114.55870608904993,,,2,,Encuesta Mensual de Remuneraciones y Costos Laborales,0
CL01:DF_IR2023_CIUO(1.0),_T,M,IR2023,IX,CIUO_5A,2024-M09,115.83234320725947,,,2,,Encuesta Mensual de Remuneraciones y Costos Laborales,0
CL01:DF_IR2023_CIUO(1.0),_T,M,IR2023,IX,CIUO_5A,2024-M10,115.4513385936517,,,2,,Encuesta Mensual de Remuneraciones y Costos Laborales,0
CL01:DF_IR2023_CIUO(1.0),_T,M,IR2023,IX,CIUO_5A,2024-M11,114.92167336631336,,,2,,Encuesta Mensual de Remuneraciones y Costos Laborales,0
CL01:DF_IR2023_CIUO(1.0),_T,M,IR2023,IX,CIUO_5A,2024-M12,115.08587877452767,,,2,,Encuesta Mensual de Remuneraciones y Costos Laborales,0
CL01:DF_IR2023_CIUO(1.0),_T,M,IR2023,IX,CIUO_5A,2025-M01,117.07058262506042,,,2,,Encuesta Mensual de Remuneraciones y Costos Laborales,0
CL01:DF_IR2023_CIUO(1.0),_T,M,IR2023,IX,CIUO_5A,2025-M02,116.49700785430326,,,2,,Encuesta Mensual de Remuneraciones y Costos Laborales,0
CL01:DF_IR2023_CIUO(1.0),_T,M,IR2023,IX,CIUO_5A,2025-M03,117.6755642017711,,,2,,Encuesta Mensual de Remuneraciones y Costos Laborales,0
CL01:DF_IR2023_CIUO(1.0),_T,M,IR2023,IX,CIUO_5A,2025-M04,118.8650212173717,,,2,,Encuesta Mensual de Remuneraciones y Costos Laborales,0
CL01:DF_IR2023_CIUO(1.0),_T,M,IR2023,IX,CIUO_5A,2025-M05,118.89079543932192,,,2,,Encuesta Mensual de Remuneraciones y Costos Laborales,0
CL01:DF_IR2023_CIUO(1.0),_T,M,IR2023,IX,CIUO_5A,2025-M06,120.6471568044571,,,2,,Encuesta Mensual de Remuneraciones y Costos Laborales,0
CL01:DF_IR2023_CIUO(1.0),_T,M,IR2023,IX,CIUO_5A,2025-M07,121.15399102290415,,,2,,Encuesta Mensual de Remuneraciones y Costos Laborales,0
CL01:DF_IR2023_CIUO(1.0),_T,M,IR2023,IX,CIUO_5A,2025-M08,121.37055897813724,,,2,,Encuesta Mensual de Remuneraciones y Costos Laborales,0
CL01:DF_IR2023_CIUO(1.0),_T,M,IR2023,IX,CIUO_5A,2025-M09,122.3500785653677,,,2,,Encuesta Mensual de Remuneraciones y Costos Laborales,0
CL01:DF_IR2023_CIUO(1.0),_T,M,IR2023,IX,CIUO_5A,2025-M10,121.54332385570932,,,2,,Encuesta Mensual de Remuneraciones y Costos Laborales,0
CL01:DF_IR2023_CIUO(1.0),_T,M,IR2023,IX,CIUO_5A,2025-M11,122.25929556757576,,,2,,Encuesta Mensual de Remuneraciones y Costos Laborales,0
CL01:DF_IR2023_CIUO(1.0),_T,M,IR2023,IX,CIUO_5A,2025-M12,122.32122130268823,,,2,,Encuesta Mensual de Remuneraciones y Costos Laborales,0
CL01:DF_IR2023_CIUO(1.0),_T,M,IR2023,IX,CIUO_5A,2026-M01,123.30528453994971,,,2,,Encuesta Mensual de Remuneraciones y Costos Laborales,0
CL01:DF_IR2023_CIUO(1.0),_T,M,IR2023,IX,CIUO_5A,2026-M02,123.11265981735963,,,2,,Encuesta Mensual de Remuneraciones y Costos Laborales,0
CL01:DF_IR2023_CIUO(1.0),_T,M,IR2023,IX,CIUO_5A,2026-M03,123.94448144855724,,Valor provisional,2,,Encuesta Mensual de Remuneraciones y Costos Laborales,0
