DATAFLOW,AREA_REF,FREQ,INDICADOR,UNIDAD,SEXO,TIME_PERIOD,OBS_VALUE,OBS_STATUS,NOTAS_INDICADOR,DECIMALS,NOTAS,FUENTE,MULT
CL01:DF_IR2023_SEXO(1.0),_T,M,IR2023,VAR12,M,2023-M01,,R,,2,,Encuesta Mensual de Remuneraciones y Costos Laborales,0
CL01:DF_IR2023_SEXO(1.0),_T,M,IR2023,VAR12,M,2023-M02,,R,,2,,Encuesta Mensual de Remuneraciones y Costos Laborales,0
CL01:DF_IR2023_SEXO(1.0),_T,M,IR2023,VAR12,M,2023-M03,,R,,2,,Encuesta Mensual de Remuneraciones y Costos Laborales,0
CL01:DF_IR2023_SEXO(1.0),_T,M,IR2023,VAR12,M,2023-M04,,R,,2,,Encuesta Mensual de Remuneraciones y Costos Laborales,0
CL01:DF_IR2023_SEXO(1.0),_T,M,IR2023,VAR12,M,2023-M05,,R,,2,,Encuesta Mensual de Remuneraciones y Costos Laborales,0
CL01:DF_IR2023_SEXO(1.0),_T,M,IR2023,VAR12,M,2023-M06,,R,,2,,Encuesta Mensual de Remuneraciones y Costos Laborales,0
CL01:DF_IR2023_SEXO(1.0),_T,M,IR2023,VAR12,M,2023-M07,,R,,2,,Encuesta Mensual de Remuneraciones y Costos Laborales,0
CL01:DF_IR2023_SEXO(1.0),_T,M,IR2023,VAR12,M,2023-M08,,R,,2,,Encuesta Mensual de Remuneraciones y Costos Laborales,0
CL01:DF_IR2023_SEXO(1.0),_T,M,IR2023,VAR12,M,2023-M09,,R,,2,,Encuesta Mensual de Remuneraciones y Costos Laborales,0
CL01:DF_IR2023_SEXO(1.0),_T,M,IR2023,VAR12,M,2023-M10,,R,,2,,Encuesta Mensual de Remuneraciones y Costos Laborales,0
CL01:DF_IR2023_SEXO(1.0),_T,M,IR2023,VAR12,M,2023-M11,,R,,2,,Encuesta Mensual de Remuneraciones y Costos Laborales,0
CL01:DF_IR2023_SEXO(1.0),_T,M,IR2023,VAR12,M,2023-M12,,R,,2,,Encuesta Mensual de Remuneraciones y Costos Laborales,0
CL01:DF_IR2023_SEXO(1.0),_T,M,IR2023,VAR12,M,2024-M01,6.286549390744645,R,,2,,Encuesta Mensual de Remuneraciones y Costos Laborales,0
CL01:DF_IR2023_SEXO(1.0),_T,M,IR2023,VAR12,M,2024-M02,6.384834906192127,R,,2,,Encuesta Mensual de Remuneraciones y Costos Laborales,0
CL01:DF_IR2023_SEXO(1.0),_T,M,IR2023,VAR12,M,2024-M03,6.952674113677415,R,,2,,Encuesta Mensual de Remuneraciones y Costos Laborales,0
CL01:DF_IR2023_SEXO(1.0),_T,M,IR2023,VAR12,M,2024-M04,6.411492184292178,R,,2,,Encuesta Mensual de Remuneraciones y Costos Laborales,0
CL01:DF_IR2023_SEXO(1.0),_T,M,IR2023,VAR12,M,2024-M05,6.716357965586428,R,,2,,Encuesta Mensual de Remuneraciones y Costos Laborales,0
CL01:DF_IR2023_SEXO(1.0),_T,M,IR2023,VAR12,M,2024-M06,6.920605351860076,R,,2,,Encuesta Mensual de Remuneraciones y Costos Laborales,0
CL01:DF_IR2023_SEXO(1.0),_T,M,IR2023,VAR12,M,2024-M07,8.383199237772976,R,,2,,Encuesta Mensual de Remuneraciones y Costos Laborales,0
CL01:DF_IR2023_SEXO(1.0),_T,M,IR2023,VAR12,M,2024-M08,8.618201681093641,R,,2,,Encuesta Mensual de Remuneraciones y Costos Laborales,0
CL01:DF_IR2023_SEXO(1.0),_T,M,IR2023,VAR12,M,2024-M09,7.719580029463957,R,,2,,Encuesta Mensual de Remuneraciones y Costos Laborales,0
CL01:DF_IR2023_SEXO(1.0),_T,M,IR2023,VAR12,M,2024-M10,7.987779220525959,R,,2,,Encuesta Mensual de Remuneraciones y Costos Laborales,0
CL01:DF_IR2023_SEXO(1.0),_T,M,IR2023,VAR12,M,2024-M11,8.195139423718057,R,,2,,Encuesta Mensual de Remuneraciones y Costos Laborales,0
CL01:DF_IR2023_SEXO(1.0),_T,M,IR2023,VAR12,M,2024-M12,7.312964869640126,R,,2,,Encuesta Mensual de Remuneraciones y Costos Laborales,0
CL01:DF_IR2023_SEXO(1.0),_T,M,IR2023,VAR12,M,2025-M01,8.224804100112927,R,,2,,Encuesta Mensual de Remuneraciones y Costos Laborales,0
CL01:DF_IR2023_SEXO(1.0),_T,M,IR2023,VAR12,M,2025-M02,8.788489292015878,R,,2,,Encuesta Mensual de Remuneraciones y Costos Laborales,0
CL01:DF_IR2023_SEXO(1.0),_T,M,IR2023,VAR12,M,2025-M03,7.926320834747713,R,,2,,Encuesta Mensual de Remuneraciones y Costos Laborales,0
CL01:DF_IR2023_SEXO(1.0),_T,M,IR2023,VAR12,M,2025-M04,7.924513392963184,,,2,,Encuesta Mensual de Remuneraciones y Costos Laborales,0
CL01:DF_IR2023_SEXO(1.0),_T,M,IR2023,VAR12,M,2025-M05,7.811333803045839,,,2,,Encuesta Mensual de Remuneraciones y Costos Laborales,0
CL01:DF_IR2023_SEXO(1.0),_T,M,IR2023,VAR12,M,2025-M06,7.390608725028502,,,2,,Encuesta Mensual de Remuneraciones y Costos Laborales,0
CL01:DF_IR2023_SEXO(1.0),_T,M,IR2023,VAR12,M,2025-M07,5.851695039344795,,,2,,Encuesta Mensual de Remuneraciones y Costos Laborales,0
CL01:DF_IR2023_SEXO(1.0),_T,M,IR2023,VAR12,M,2025-M08,5.943362619348469,,,2,,Encuesta Mensual de Remuneraciones y Costos Laborales,0
CL01:DF_IR2023_SEXO(1.0),_T,M,IR2023,VAR12,M,2025-M09,5.617833943671746,,,2,,Encuesta Mensual de Remuneraciones y Costos Laborales,0
CL01:DF_IR2023_SEXO(1.0),_T,M,IR2023,VAR12,M,2025-M10,5.795835383791137,,,2,,Encuesta Mensual de Remuneraciones y Costos Laborales,0
CL01:DF_IR2023_SEXO(1.0),_T,M,IR2023,VAR12,M,2025-M11,5.873720641195512,,,2,,Encuesta Mensual de Remuneraciones y Costos Laborales,0
CL01:DF_IR2023_SEXO(1.0),_T,M,IR2023,VAR12,M,2025-M12,5.994458034228356,,,2,,Encuesta Mensual de Remuneraciones y Costos Laborales,0
CL01:DF_IR2023_SEXO(1.0),_T,M,IR2023,VAR12,M,2026-M01,5.110046907270771,,,2,,Encuesta Mensual de Remuneraciones y Costos Laborales,0
CL01:DF_IR2023_SEXO(1.0),_T,M,IR2023,VAR12,M,2026-M02,5.112563816450533,,,2,,Encuesta Mensual de Remuneraciones y Costos Laborales,0
CL01:DF_IR2023_SEXO(1.0),_T,M,IR2023,VAR12,M,2026-M03,5.341932770984892,,Valor provisional,2,,Encuesta Mensual de Remuneraciones y Costos Laborales,0
CL01:DF_IR2023_SEXO(1.0),_T,M,IR2023,VAR12,F,2023-M01,,R,,2,,Encuesta Mensual de Remuneraciones y Costos Laborales,0
CL01:DF_IR2023_SEXO(1.0),_T,M,IR2023,VAR12,F,2023-M02,,R,,2,,Encuesta Mensual de Remuneraciones y Costos Laborales,0
CL01:DF_IR2023_SEXO(1.0),_T,M,IR2023,VAR12,F,2023-M03,,R,,2,,Encuesta Mensual de Remuneraciones y Costos Laborales,0
CL01:DF_IR2023_SEXO(1.0),_T,M,IR2023,VAR12,F,2023-M04,,R,,2,,Encuesta Mensual de Remuneraciones y Costos Laborales,0
CL01:DF_IR2023_SEXO(1.0),_T,M,IR2023,VAR12,F,2023-M05,,R,,2,,Encuesta Mensual de Remuneraciones y Costos Laborales,0
CL01:DF_IR2023_SEXO(1.0),_T,M,IR2023,VAR12,F,2023-M06,,R,,2,,Encuesta Mensual de Remuneraciones y Costos Laborales,0
CL01:DF_IR2023_SEXO(1.0),_T,M,IR2023,VAR12,F,2023-M07,,R,,2,,Encuesta Mensual de Remuneraciones y Costos Laborales,0
CL01:DF_IR2023_SEXO(1.0),_T,M,IR2023,VAR12,F,2023-M08,,R,,2,,Encuesta Mensual de Remuneraciones y Costos Laborales,0
CL01:DF_IR2023_SEXO(1.0),_T,M,IR2023,VAR12,F,2023-M09,,R,,2,,Encuesta Mensual de Remuneraciones y Costos Laborales,0
CL01:DF_IR2023_SEXO(1.0),_T,M,IR2023,VAR12,F,2023-M10,,R,,2,,Encuesta Mensual de Remuneraciones y Costos Laborales,0
CL01:DF_IR2023_SEXO(1.0),_T,M,IR2023,VAR12,F,2023-M11,,R,,2,,Encuesta Mensual de Remuneraciones y Costos Laborales,0
CL01:DF_IR2023_SEXO(1.0),_T,M,IR2023,VAR12,F,2023-M12,,R,,2,,Encuesta Mensual de Remuneraciones y Costos Laborales,0
CL01:DF_IR2023_SEXO(1.0),_T,M,IR2023,VAR12,F,2024-M01,6.018373215411321,R,,2,,Encuesta Mensual de Remuneraciones y Costos Laborales,0
CL01:DF_IR2023_SEXO(1.0),_T,M,IR2023,VAR12,F,2024-M02,6.593807620581971,R,,2,,Encuesta Mensual de Remuneraciones y Costos Laborales,0
CL01:DF_IR2023_SEXO(1.0),_T,M,IR2023,VAR12,F,2024-M03,6.774940947998487,R,,2,,Encuesta Mensual de Remuneraciones y Costos Laborales,0
CL01:DF_IR2023_SEXO(1.0),_T,M,IR2023,VAR12,F,2024-M04,6.9722785481130645,R,,2,,Encuesta Mensual de Remuneraciones y Costos Laborales,0
CL01:DF_IR2023_SEXO(1.0),_T,M,IR2023,VAR12,F,2024-M05,7.022830028282012,R,,2,,Encuesta Mensual de Remuneraciones y Costos Laborales,0
CL01:DF_IR2023_SEXO(1.0),_T,M,IR2023,VAR12,F,2024-M06,7.362302656772868,R,,2,,Encuesta Mensual de Remuneraciones y Costos Laborales,0
CL01:DF_IR2023_SEXO(1.0),_T,M,IR2023,VAR12,F,2024-M07,8.334558031162743,R,,2,,Encuesta Mensual de Remuneraciones y Costos Laborales,0
CL01:DF_IR2023_SEXO(1.0),_T,M,IR2023,VAR12,F,2024-M08,8.926950160650904,R,,2,,Encuesta Mensual de Remuneraciones y Costos Laborales,0
CL01:DF_IR2023_SEXO(1.0),_T,M,IR2023,VAR12,F,2024-M09,8.12057981811547,R,,2,,Encuesta Mensual de Remuneraciones y Costos Laborales,0
CL01:DF_IR2023_SEXO(1.0),_T,M,IR2023,VAR12,F,2024-M10,8.904072503222027,R,,2,,Encuesta Mensual de Remuneraciones y Costos Laborales,0
CL01:DF_IR2023_SEXO(1.0),_T,M,IR2023,VAR12,F,2024-M11,9.103784675307969,R,,2,,Encuesta Mensual de Remuneraciones y Costos Laborales,0
CL01:DF_IR2023_SEXO(1.0),_T,M,IR2023,VAR12,F,2024-M12,7.727107043343429,R,,2,,Encuesta Mensual de Remuneraciones y Costos Laborales,0
CL01:DF_IR2023_SEXO(1.0),_T,M,IR2023,VAR12,F,2025-M01,8.655820979944062,R,,2,,Encuesta Mensual de Remuneraciones y Costos Laborales,0
CL01:DF_IR2023_SEXO(1.0),_T,M,IR2023,VAR12,F,2025-M02,8.85132804446167,R,,2,,Encuesta Mensual de Remuneraciones y Costos Laborales,0
CL01:DF_IR2023_SEXO(1.0),_T,M,IR2023,VAR12,F,2025-M03,8.824378900191633,R,,2,,Encuesta Mensual de Remuneraciones y Costos Laborales,0
CL01:DF_IR2023_SEXO(1.0),_T,M,IR2023,VAR12,F,2025-M04,8.558775863608513,,,2,,Encuesta Mensual de Remuneraciones y Costos Laborales,0
CL01:DF_IR2023_SEXO(1.0),_T,M,IR2023,VAR12,F,2025-M05,8.492038806795431,,,2,,Encuesta Mensual de Remuneraciones y Costos Laborales,0
CL01:DF_IR2023_SEXO(1.0),_T,M,IR2023,VAR12,F,2025-M06,7.712430109911161,,,2,,Encuesta Mensual de Remuneraciones y Costos Laborales,0
CL01:DF_IR2023_SEXO(1.0),_T,M,IR2023,VAR12,F,2025-M07,7.186093689644446,,,2,,Encuesta Mensual de Remuneraciones y Costos Laborales,0
CL01:DF_IR2023_SEXO(1.0),_T,M,IR2023,VAR12,F,2025-M08,6.469050188017955,,,2,,Encuesta Mensual de Remuneraciones y Costos Laborales,0
CL01:DF_IR2023_SEXO(1.0),_T,M,IR2023,VAR12,F,2025-M09,6.297729329226831,,,2,,Encuesta Mensual de Remuneraciones y Costos Laborales,0
CL01:DF_IR2023_SEXO(1.0),_T,M,IR2023,VAR12,F,2025-M10,6.179459543414478,,,2,,Encuesta Mensual de Remuneraciones y Costos Laborales,0
CL01:DF_IR2023_SEXO(1.0),_T,M,IR2023,VAR12,F,2025-M11,6.240521641255459,,,2,,Encuesta Mensual de Remuneraciones y Costos Laborales,0
CL01:DF_IR2023_SEXO(1.0),_T,M,IR2023,VAR12,F,2025-M12,6.178027911464157,,,2,,Encuesta Mensual de Remuneraciones y Costos Laborales,0
CL01:DF_IR2023_SEXO(1.0),_T,M,IR2023,VAR12,F,2026-M01,4.576450901026541,,,2,,Encuesta Mensual de Remuneraciones y Costos Laborales,0
CL01:DF_IR2023_SEXO(1.0),_T,M,IR2023,VAR12,F,2026-M02,4.789937229868935,,,2,,Encuesta Mensual de Remuneraciones y Costos Laborales,0
CL01:DF_IR2023_SEXO(1.0),_T,M,IR2023,VAR12,F,2026-M03,4.644183856686279,,Valor provisional,2,,Encuesta Mensual de Remuneraciones y Costos Laborales,0
CL01:DF_IR2023_SEXO(1.0),_T,M,IR2023,IX,F,2023-M01,98.4639638530947,R,,2,,Encuesta Mensual de Remuneraciones y Costos Laborales,0
CL01:DF_IR2023_SEXO(1.0),_T,M,IR2023,IX,F,2023-M02,97.86919390666162,R,,2,,Encuesta Mensual de Remuneraciones y Costos Laborales,0
CL01:DF_IR2023_SEXO(1.0),_T,M,IR2023,IX,F,2023-M03,98.43776100757128,R,,2,,Encuesta Mensual de Remuneraciones y Costos Laborales,0
CL01:DF_IR2023_SEXO(1.0),_T,M,IR2023,IX,F,2023-M04,98.68385293027545,R,,2,,Encuesta Mensual de Remuneraciones y Costos Laborales,0
CL01:DF_IR2023_SEXO(1.0),_T,M,IR2023,IX,F,2023-M05,98.8426578846421,R,,2,,Encuesta Mensual de Remuneraciones y Costos Laborales,0
CL01:DF_IR2023_SEXO(1.0),_T,M,IR2023,IX,F,2023-M06,100.01114807203913,R,,2,,Encuesta Mensual de Remuneraciones y Costos Laborales,0
CL01:DF_IR2023_SEXO(1.0),_T,M,IR2023,IX,F,2023-M07,100.21949557037891,R,,2,,Encuesta Mensual de Remuneraciones y Costos Laborales,0
CL01:DF_IR2023_SEXO(1.0),_T,M,IR2023,IX,F,2023-M08,100.31671207228301,R,,2,,Encuesta Mensual de Remuneraciones y Costos Laborales,0
CL01:DF_IR2023_SEXO(1.0),_T,M,IR2023,IX,F,2023-M09,101.60158766184429,R,,2,,Encuesta Mensual de Remuneraciones y Costos Laborales,0
CL01:DF_IR2023_SEXO(1.0),_T,M,IR2023,IX,F,2023-M10,101.11454587966377,R,,2,,Encuesta Mensual de Remuneraciones y Costos Laborales,0
CL01:DF_IR2023_SEXO(1.0),_T,M,IR2023,IX,F,2023-M11,101.14903115953932,R,,2,,Encuesta Mensual de Remuneraciones y Costos Laborales,0
CL01:DF_IR2023_SEXO(1.0),_T,M,IR2023,IX,F,2023-M12,103.2900500020064,R,,2,,Encuesta Mensual de Remuneraciones y Costos Laborales,0
CL01:DF_IR2023_SEXO(1.0),_T,M,IR2023,IX,F,2024-M01,104.38989268046163,R,,2,,Encuesta Mensual de Remuneraciones y Costos Laborales,0
CL01:DF_IR2023_SEXO(1.0),_T,M,IR2023,IX,F,2024-M02,104.32250027268121,R,,2,,Encuesta Mensual de Remuneraciones y Costos Laborales,0
CL01:DF_IR2023_SEXO(1.0),_T,M,IR2023,IX,F,2024-M03,105.10686118636612,R,,2,,Encuesta Mensual de Remuneraciones y Costos Laborales,0
CL01:DF_IR2023_SEXO(1.0),_T,M,IR2023,IX,F,2024-M04,105.56436603858448,,,2,,Encuesta Mensual de Remuneraciones y Costos Laborales,0
CL01:DF_IR2023_SEXO(1.0),_T,M,IR2023,IX,F,2024-M05,105.7842097433168,,,2,,Encuesta Mensual de Remuneraciones y Costos Laborales,0
CL01:DF_IR2023_SEXO(1.0),_T,M,IR2023,IX,F,2024-M06,107.37427148361593,,,2,,Encuesta Mensual de Remuneraciones y Costos Laborales,0
CL01:DF_IR2023_SEXO(1.0),_T,M,IR2023,IX,F,2024-M07,108.57234758723071,,,2,,Encuesta Mensual de Remuneraciones y Costos Laborales,0
CL01:DF_IR2023_SEXO(1.0),_T,M,IR2023,IX,F,2024-M08,109.2719349617794,,,2,,Encuesta Mensual de Remuneraciones y Costos Laborales,0
CL01:DF_IR2023_SEXO(1.0),_T,M,IR2023,IX,F,2024-M09,109.85222568439693,,,2,,Encuesta Mensual de Remuneraciones y Costos Laborales,0
CL01:DF_IR2023_SEXO(1.0),_T,M,IR2023,IX,F,2024-M10,110.11785835609273,,,2,,Encuesta Mensual de Remuneraciones y Costos Laborales,0
CL01:DF_IR2023_SEXO(1.0),_T,M,IR2023,IX,F,2024-M11,110.35742115746393,,,2,,Encuesta Mensual de Remuneraciones y Costos Laborales,0
CL01:DF_IR2023_SEXO(1.0),_T,M,IR2023,IX,F,2024-M12,111.27138273078438,,,2,,Encuesta Mensual de Remuneraciones y Costos Laborales,0
CL01:DF_IR2023_SEXO(1.0),_T,M,IR2023,IX,F,2025-M01,113.42569491203811,,,2,,Encuesta Mensual de Remuneraciones y Costos Laborales,0
CL01:DF_IR2023_SEXO(1.0),_T,M,IR2023,IX,F,2025-M02,113.55642699600064,,,2,,Encuesta Mensual de Remuneraciones y Costos Laborales,0
CL01:DF_IR2023_SEXO(1.0),_T,M,IR2023,IX,F,2025-M03,114.38188886754952,,,2,,Encuesta Mensual de Remuneraciones y Costos Laborales,0
CL01:DF_IR2023_SEXO(1.0),_T,M,IR2023,IX,F,2025-M04,114.5993835196662,,,2,,Encuesta Mensual de Remuneraciones y Costos Laborales,0
CL01:DF_IR2023_SEXO(1.0),_T,M,IR2023,IX,F,2025-M05,114.76744588618112,,,2,,Encuesta Mensual de Remuneraciones y Costos Laborales,0
CL01:DF_IR2023_SEXO(1.0),_T,M,IR2023,IX,F,2025-M06,115.65543712781609,,,2,,Encuesta Mensual de Remuneraciones y Costos Laborales,0
CL01:DF_IR2023_SEXO(1.0),_T,M,IR2023,IX,F,2025-M07,116.37445820589554,,,2,,Encuesta Mensual de Remuneraciones y Costos Laborales,0
CL01:DF_IR2023_SEXO(1.0),_T,M,IR2023,IX,F,2025-M08,116.34079127587525,,,2,,Encuesta Mensual de Remuneraciones y Costos Laborales,0
CL01:DF_IR2023_SEXO(1.0),_T,M,IR2023,IX,F,2025-M09,116.77042152013163,,,2,,Encuesta Mensual de Remuneraciones y Costos Laborales,0
CL01:DF_IR2023_SEXO(1.0),_T,M,IR2023,IX,F,2025-M10,116.92254686328192,,,2,,Encuesta Mensual de Remuneraciones y Costos Laborales,0
CL01:DF_IR2023_SEXO(1.0),_T,M,IR2023,IX,F,2025-M11,117.2442999075269,,,2,,Encuesta Mensual de Remuneraciones y Costos Laborales,0
CL01:DF_IR2023_SEXO(1.0),_T,M,IR2023,IX,F,2025-M12,118.14575981336435,,,2,,Encuesta Mensual de Remuneraciones y Costos Laborales,0
CL01:DF_IR2023_SEXO(1.0),_T,M,IR2023,IX,F,2026-M01,118.6165661488357,,,2,,Encuesta Mensual de Remuneraciones y Costos Laborales,0
CL01:DF_IR2023_SEXO(1.0),_T,M,IR2023,IX,F,2026-M02,118.99570856959102,,,2,,Encuesta Mensual de Remuneraciones y Costos Laborales,0
CL01:DF_IR2023_SEXO(1.0),_T,M,IR2023,IX,F,2026-M03,119.69399408530909,,Valor provisional,2,,Encuesta Mensual de Remuneraciones y Costos Laborales,0
CL01:DF_IR2023_SEXO(1.0),_T,M,IR2023,IX,M,2023-M01,97.75892207402639,R,,2,,Encuesta Mensual de Remuneraciones y Costos Laborales,0
CL01:DF_IR2023_SEXO(1.0),_T,M,IR2023,IX,M,2023-M02,97.2434511168744,R,,2,,Encuesta Mensual de Remuneraciones y Costos Laborales,0
CL01:DF_IR2023_SEXO(1.0),_T,M,IR2023,IX,M,2023-M03,97.85995881115095,R,,2,,Encuesta Mensual de Remuneraciones y Costos Laborales,0
CL01:DF_IR2023_SEXO(1.0),_T,M,IR2023,IX,M,2023-M04,98.76309793687047,R,,2,,Encuesta Mensual de Remuneraciones y Costos Laborales,0
CL01:DF_IR2023_SEXO(1.0),_T,M,IR2023,IX,M,2023-M05,99.00256475853385,R,,2,,Encuesta Mensual de Remuneraciones y Costos Laborales,0
CL01:DF_IR2023_SEXO(1.0),_T,M,IR2023,IX,M,2023-M06,99.82703009116413,R,,2,,Encuesta Mensual de Remuneraciones y Costos Laborales,0
CL01:DF_IR2023_SEXO(1.0),_T,M,IR2023,IX,M,2023-M07,100.33570393939739,R,,2,,Encuesta Mensual de Remuneraciones y Costos Laborales,0
CL01:DF_IR2023_SEXO(1.0),_T,M,IR2023,IX,M,2023-M08,100.35343008859687,R,,2,,Encuesta Mensual de Remuneraciones y Costos Laborales,0
CL01:DF_IR2023_SEXO(1.0),_T,M,IR2023,IX,M,2023-M09,101.96452421632125,R,,2,,Encuesta Mensual de Remuneraciones y Costos Laborales,0
CL01:DF_IR2023_SEXO(1.0),_T,M,IR2023,IX,M,2023-M10,101.7573824042139,R,,2,,Encuesta Mensual de Remuneraciones y Costos Laborales,0
CL01:DF_IR2023_SEXO(1.0),_T,M,IR2023,IX,M,2023-M11,101.82826719816558,R,,2,,Encuesta Mensual de Remuneraciones y Costos Laborales,0
CL01:DF_IR2023_SEXO(1.0),_T,M,IR2023,IX,M,2023-M12,103.30566736468484,R,,2,,Encuesta Mensual de Remuneraciones y Costos Laborales,0
CL01:DF_IR2023_SEXO(1.0),_T,M,IR2023,IX,M,2024-M01,103.90458499406962,R,,2,,Encuesta Mensual de Remuneraciones y Costos Laborales,0
CL01:DF_IR2023_SEXO(1.0),_T,M,IR2023,IX,M,2024-M02,103.45228492777048,R,,2,,Encuesta Mensual de Remuneraciones y Costos Laborales,0
CL01:DF_IR2023_SEXO(1.0),_T,M,IR2023,IX,M,2024-M03,104.66384283506922,R,,2,,Encuesta Mensual de Remuneraciones y Costos Laborales,0
CL01:DF_IR2023_SEXO(1.0),_T,M,IR2023,IX,M,2024-M04,105.09528624205774,,,2,,Encuesta Mensual de Remuneraciones y Costos Laborales,0
CL01:DF_IR2023_SEXO(1.0),_T,M,IR2023,IX,M,2024-M05,105.65193140282851,,,2,,Encuesta Mensual de Remuneraciones y Costos Laborales,0
CL01:DF_IR2023_SEXO(1.0),_T,M,IR2023,IX,M,2024-M06,106.7356648782562,,,2,,Encuesta Mensual de Remuneraciones y Costos Laborales,0
CL01:DF_IR2023_SEXO(1.0),_T,M,IR2023,IX,M,2024-M07,108.7470459072591,,,2,,Encuesta Mensual de Remuneraciones y Costos Laborales,0
CL01:DF_IR2023_SEXO(1.0),_T,M,IR2023,IX,M,2024-M08,109.00209108752746,,,2,,Encuesta Mensual de Remuneraciones y Costos Laborales,0
CL01:DF_IR2023_SEXO(1.0),_T,M,IR2023,IX,M,2024-M09,109.83575726486234,,,2,,Encuesta Mensual de Remuneraciones y Costos Laborales,0
CL01:DF_IR2023_SEXO(1.0),_T,M,IR2023,IX,M,2024-M10,109.88553745124884,,,2,,Encuesta Mensual de Remuneraciones y Costos Laborales,0
CL01:DF_IR2023_SEXO(1.0),_T,M,IR2023,IX,M,2024-M11,110.1732356678114,,,2,,Encuesta Mensual de Remuneraciones y Costos Laborales,0
CL01:DF_IR2023_SEXO(1.0),_T,M,IR2023,IX,M,2024-M12,110.86037452741152,,,2,,Encuesta Mensual de Remuneraciones y Costos Laborales,0
CL01:DF_IR2023_SEXO(1.0),_T,M,IR2023,IX,M,2025-M01,112.45053356086719,,,2,,Encuesta Mensual de Remuneraciones y Costos Laborales,0
CL01:DF_IR2023_SEXO(1.0),_T,M,IR2023,IX,M,2025-M02,112.54417791099334,,,2,,Encuesta Mensual de Remuneraciones y Costos Laborales,0
CL01:DF_IR2023_SEXO(1.0),_T,M,IR2023,IX,M,2025-M03,112.95983481615292,,,2,,Encuesta Mensual de Remuneraciones y Costos Laborales,0
CL01:DF_IR2023_SEXO(1.0),_T,M,IR2023,IX,M,2025-M04,113.4235762756826,,,2,,Encuesta Mensual de Remuneraciones y Costos Laborales,0
CL01:DF_IR2023_SEXO(1.0),_T,M,IR2023,IX,M,2025-M05,113.90475643406846,,,2,,Encuesta Mensual de Remuneraciones y Costos Laborales,0
CL01:DF_IR2023_SEXO(1.0),_T,M,IR2023,IX,M,2025-M06,114.62408023946578,,,2,,Encuesta Mensual de Remuneraciones y Costos Laborales,0
CL01:DF_IR2023_SEXO(1.0),_T,M,IR2023,IX,M,2025-M07,115.1105913980482,,,2,,Encuesta Mensual de Remuneraciones y Costos Laborales,0
CL01:DF_IR2023_SEXO(1.0),_T,M,IR2023,IX,M,2025-M08,115.48048062353175,,,2,,Encuesta Mensual de Remuneraciones y Costos Laborales,0
CL01:DF_IR2023_SEXO(1.0),_T,M,IR2023,IX,M,2025-M09,116.00614771877667,,,2,,Encuesta Mensual de Remuneraciones y Costos Laborales,0
CL01:DF_IR2023_SEXO(1.0),_T,M,IR2023,IX,M,2025-M10,116.25432231251739,,,2,,Encuesta Mensual de Remuneraciones y Costos Laborales,0
CL01:DF_IR2023_SEXO(1.0),_T,M,IR2023,IX,M,2025-M11,116.64450375230462,,,2,,Encuesta Mensual de Remuneraciones y Costos Laborales,0
CL01:DF_IR2023_SEXO(1.0),_T,M,IR2023,IX,M,2025-M12,117.50585315504559,,,2,,Encuesta Mensual de Remuneraciones y Costos Laborales,0
CL01:DF_IR2023_SEXO(1.0),_T,M,IR2023,IX,M,2026-M01,118.19680857330376,,,2,,Encuesta Mensual de Remuneraciones y Costos Laborales,0
CL01:DF_IR2023_SEXO(1.0),_T,M,IR2023,IX,M,2026-M02,118.29807082839251,,,2,,Encuesta Mensual de Remuneraciones y Costos Laborales,0
CL01:DF_IR2023_SEXO(1.0),_T,M,IR2023,IX,M,2026-M03,118.9940732502474,,Valor provisional,2,,Encuesta Mensual de Remuneraciones y Costos Laborales,0
