DATAFLOW,AREA_REF,FREQ,INDICADOR,UNIDAD,NTRAB,TIME_PERIOD,OBS_VALUE,OBS_STATUS,NOTAS_INDICADOR,DECIMALS,NOTAS,FUENTE,MULT
CL01:DF_IR2023_NTRAB(1.0),_T,M,IR2023,VAR12,ENTSIZE1,2023-M01,,R,,2,,Encuesta Mensual de Remuneraciones y Costos Laborales,0
CL01:DF_IR2023_NTRAB(1.0),_T,M,IR2023,VAR12,ENTSIZE1,2023-M02,,R,,2,,Encuesta Mensual de Remuneraciones y Costos Laborales,0
CL01:DF_IR2023_NTRAB(1.0),_T,M,IR2023,VAR12,ENTSIZE1,2023-M03,,R,,2,,Encuesta Mensual de Remuneraciones y Costos Laborales,0
CL01:DF_IR2023_NTRAB(1.0),_T,M,IR2023,VAR12,ENTSIZE1,2023-M04,,R,,2,,Encuesta Mensual de Remuneraciones y Costos Laborales,0
CL01:DF_IR2023_NTRAB(1.0),_T,M,IR2023,VAR12,ENTSIZE1,2023-M05,,R,,2,,Encuesta Mensual de Remuneraciones y Costos Laborales,0
CL01:DF_IR2023_NTRAB(1.0),_T,M,IR2023,VAR12,ENTSIZE1,2023-M06,,R,,2,,Encuesta Mensual de Remuneraciones y Costos Laborales,0
CL01:DF_IR2023_NTRAB(1.0),_T,M,IR2023,VAR12,ENTSIZE1,2023-M07,,R,,2,,Encuesta Mensual de Remuneraciones y Costos Laborales,0
CL01:DF_IR2023_NTRAB(1.0),_T,M,IR2023,VAR12,ENTSIZE1,2023-M08,,R,,2,,Encuesta Mensual de Remuneraciones y Costos Laborales,0
CL01:DF_IR2023_NTRAB(1.0),_T,M,IR2023,VAR12,ENTSIZE1,2023-M09,,R,,2,,Encuesta Mensual de Remuneraciones y Costos Laborales,0
CL01:DF_IR2023_NTRAB(1.0),_T,M,IR2023,VAR12,ENTSIZE1,2023-M10,,R,,2,,Encuesta Mensual de Remuneraciones y Costos Laborales,0
CL01:DF_IR2023_NTRAB(1.0),_T,M,IR2023,VAR12,ENTSIZE1,2023-M11,,R,,2,,Encuesta Mensual de Remuneraciones y Costos Laborales,0
CL01:DF_IR2023_NTRAB(1.0),_T,M,IR2023,VAR12,ENTSIZE1,2023-M12,,R,,2,,Encuesta Mensual de Remuneraciones y Costos Laborales,0
CL01:DF_IR2023_NTRAB(1.0),_T,M,IR2023,VAR12,ENTSIZE1,2024-M01,5.495709365919588,R,,2,,Encuesta Mensual de Remuneraciones y Costos Laborales,0
CL01:DF_IR2023_NTRAB(1.0),_T,M,IR2023,VAR12,ENTSIZE1,2024-M02,5.965965627073899,R,,2,,Encuesta Mensual de Remuneraciones y Costos Laborales,0
CL01:DF_IR2023_NTRAB(1.0),_T,M,IR2023,VAR12,ENTSIZE1,2024-M03,7.047706454303526,R,,2,,Encuesta Mensual de Remuneraciones y Costos Laborales,0
CL01:DF_IR2023_NTRAB(1.0),_T,M,IR2023,VAR12,ENTSIZE1,2024-M04,6.145322640886008,R,,2,,Encuesta Mensual de Remuneraciones y Costos Laborales,0
CL01:DF_IR2023_NTRAB(1.0),_T,M,IR2023,VAR12,ENTSIZE1,2024-M05,6.546036165631186,R,,2,,Encuesta Mensual de Remuneraciones y Costos Laborales,0
CL01:DF_IR2023_NTRAB(1.0),_T,M,IR2023,VAR12,ENTSIZE1,2024-M06,6.645737289803555,R,,2,,Encuesta Mensual de Remuneraciones y Costos Laborales,0
CL01:DF_IR2023_NTRAB(1.0),_T,M,IR2023,VAR12,ENTSIZE1,2024-M07,8.678580525720768,R,,2,,Encuesta Mensual de Remuneraciones y Costos Laborales,0
CL01:DF_IR2023_NTRAB(1.0),_T,M,IR2023,VAR12,ENTSIZE1,2024-M08,8.878881424806906,R,,2,,Encuesta Mensual de Remuneraciones y Costos Laborales,0
CL01:DF_IR2023_NTRAB(1.0),_T,M,IR2023,VAR12,ENTSIZE1,2024-M09,7.058930870015212,R,,2,,Encuesta Mensual de Remuneraciones y Costos Laborales,0
CL01:DF_IR2023_NTRAB(1.0),_T,M,IR2023,VAR12,ENTSIZE1,2024-M10,8.427327561357778,R,,2,,Encuesta Mensual de Remuneraciones y Costos Laborales,0
CL01:DF_IR2023_NTRAB(1.0),_T,M,IR2023,VAR12,ENTSIZE1,2024-M11,9.365174280859524,R,,2,,Encuesta Mensual de Remuneraciones y Costos Laborales,0
CL01:DF_IR2023_NTRAB(1.0),_T,M,IR2023,VAR12,ENTSIZE1,2024-M12,8.596345343510325,R,,2,,Encuesta Mensual de Remuneraciones y Costos Laborales,0
CL01:DF_IR2023_NTRAB(1.0),_T,M,IR2023,VAR12,ENTSIZE1,2025-M01,8.925654476168798,R,,2,,Encuesta Mensual de Remuneraciones y Costos Laborales,0
CL01:DF_IR2023_NTRAB(1.0),_T,M,IR2023,VAR12,ENTSIZE1,2025-M02,9.682714524307002,R,,2,,Encuesta Mensual de Remuneraciones y Costos Laborales,0
CL01:DF_IR2023_NTRAB(1.0),_T,M,IR2023,VAR12,ENTSIZE1,2025-M03,8.505109544057365,R,,2,,Encuesta Mensual de Remuneraciones y Costos Laborales,0
CL01:DF_IR2023_NTRAB(1.0),_T,M,IR2023,VAR12,ENTSIZE1,2025-M04,8.459575825221544,,,2,,Encuesta Mensual de Remuneraciones y Costos Laborales,0
CL01:DF_IR2023_NTRAB(1.0),_T,M,IR2023,VAR12,ENTSIZE1,2025-M05,8.316973317235199,,,2,,Encuesta Mensual de Remuneraciones y Costos Laborales,0
CL01:DF_IR2023_NTRAB(1.0),_T,M,IR2023,VAR12,ENTSIZE1,2025-M06,7.829927968704564,,,2,,Encuesta Mensual de Remuneraciones y Costos Laborales,0
CL01:DF_IR2023_NTRAB(1.0),_T,M,IR2023,VAR12,ENTSIZE1,2025-M07,5.966959287382112,,,2,,Encuesta Mensual de Remuneraciones y Costos Laborales,0
CL01:DF_IR2023_NTRAB(1.0),_T,M,IR2023,VAR12,ENTSIZE1,2025-M08,6.1259199636312545,,,2,,Encuesta Mensual de Remuneraciones y Costos Laborales,0
CL01:DF_IR2023_NTRAB(1.0),_T,M,IR2023,VAR12,ENTSIZE1,2025-M09,6.441239276434629,,,2,,Encuesta Mensual de Remuneraciones y Costos Laborales,0
CL01:DF_IR2023_NTRAB(1.0),_T,M,IR2023,VAR12,ENTSIZE1,2025-M10,6.356358522340111,,,2,,Encuesta Mensual de Remuneraciones y Costos Laborales,0
CL01:DF_IR2023_NTRAB(1.0),_T,M,IR2023,VAR12,ENTSIZE1,2025-M11,6.199995165868599,,,2,,Encuesta Mensual de Remuneraciones y Costos Laborales,0
CL01:DF_IR2023_NTRAB(1.0),_T,M,IR2023,VAR12,ENTSIZE1,2025-M12,6.79782669665534,,,2,,Encuesta Mensual de Remuneraciones y Costos Laborales,0
CL01:DF_IR2023_NTRAB(1.0),_T,M,IR2023,VAR12,ENTSIZE1,2026-M01,6.2534287826149,,,2,,Encuesta Mensual de Remuneraciones y Costos Laborales,0
CL01:DF_IR2023_NTRAB(1.0),_T,M,IR2023,VAR12,ENTSIZE1,2026-M02,5.463485540064439,,,2,,Encuesta Mensual de Remuneraciones y Costos Laborales,0
CL01:DF_IR2023_NTRAB(1.0),_T,M,IR2023,VAR12,ENTSIZE1,2026-M03,6.049406097175991,,Valor provisional,2,,Encuesta Mensual de Remuneraciones y Costos Laborales,0
CL01:DF_IR2023_NTRAB(1.0),_T,M,IR2023,VAR12,ENTSIZE2,2023-M01,,R,,2,,Encuesta Mensual de Remuneraciones y Costos Laborales,0
CL01:DF_IR2023_NTRAB(1.0),_T,M,IR2023,VAR12,ENTSIZE2,2023-M02,,R,,2,,Encuesta Mensual de Remuneraciones y Costos Laborales,0
CL01:DF_IR2023_NTRAB(1.0),_T,M,IR2023,VAR12,ENTSIZE2,2023-M03,,R,,2,,Encuesta Mensual de Remuneraciones y Costos Laborales,0
CL01:DF_IR2023_NTRAB(1.0),_T,M,IR2023,VAR12,ENTSIZE2,2023-M04,,R,,2,,Encuesta Mensual de Remuneraciones y Costos Laborales,0
CL01:DF_IR2023_NTRAB(1.0),_T,M,IR2023,VAR12,ENTSIZE2,2023-M05,,R,,2,,Encuesta Mensual de Remuneraciones y Costos Laborales,0
CL01:DF_IR2023_NTRAB(1.0),_T,M,IR2023,VAR12,ENTSIZE2,2023-M06,,R,,2,,Encuesta Mensual de Remuneraciones y Costos Laborales,0
CL01:DF_IR2023_NTRAB(1.0),_T,M,IR2023,VAR12,ENTSIZE2,2023-M07,,R,,2,,Encuesta Mensual de Remuneraciones y Costos Laborales,0
CL01:DF_IR2023_NTRAB(1.0),_T,M,IR2023,VAR12,ENTSIZE2,2023-M08,,R,,2,,Encuesta Mensual de Remuneraciones y Costos Laborales,0
CL01:DF_IR2023_NTRAB(1.0),_T,M,IR2023,VAR12,ENTSIZE2,2023-M09,,R,,2,,Encuesta Mensual de Remuneraciones y Costos Laborales,0
CL01:DF_IR2023_NTRAB(1.0),_T,M,IR2023,VAR12,ENTSIZE2,2023-M10,,R,,2,,Encuesta Mensual de Remuneraciones y Costos Laborales,0
CL01:DF_IR2023_NTRAB(1.0),_T,M,IR2023,VAR12,ENTSIZE2,2023-M11,,R,,2,,Encuesta Mensual de Remuneraciones y Costos Laborales,0
CL01:DF_IR2023_NTRAB(1.0),_T,M,IR2023,VAR12,ENTSIZE2,2023-M12,,R,,2,,Encuesta Mensual de Remuneraciones y Costos Laborales,0
CL01:DF_IR2023_NTRAB(1.0),_T,M,IR2023,VAR12,ENTSIZE2,2024-M01,7.258561989071355,R,,2,,Encuesta Mensual de Remuneraciones y Costos Laborales,0
CL01:DF_IR2023_NTRAB(1.0),_T,M,IR2023,VAR12,ENTSIZE2,2024-M02,7.976962446365299,R,,2,,Encuesta Mensual de Remuneraciones y Costos Laborales,0
CL01:DF_IR2023_NTRAB(1.0),_T,M,IR2023,VAR12,ENTSIZE2,2024-M03,7.489189046809908,R,,2,,Encuesta Mensual de Remuneraciones y Costos Laborales,0
CL01:DF_IR2023_NTRAB(1.0),_T,M,IR2023,VAR12,ENTSIZE2,2024-M04,7.350673947325048,R,,2,,Encuesta Mensual de Remuneraciones y Costos Laborales,0
CL01:DF_IR2023_NTRAB(1.0),_T,M,IR2023,VAR12,ENTSIZE2,2024-M05,7.013166144872951,R,,2,,Encuesta Mensual de Remuneraciones y Costos Laborales,0
CL01:DF_IR2023_NTRAB(1.0),_T,M,IR2023,VAR12,ENTSIZE2,2024-M06,7.322977705407596,R,,2,,Encuesta Mensual de Remuneraciones y Costos Laborales,0
CL01:DF_IR2023_NTRAB(1.0),_T,M,IR2023,VAR12,ENTSIZE2,2024-M07,9.358091386790024,R,,2,,Encuesta Mensual de Remuneraciones y Costos Laborales,0
CL01:DF_IR2023_NTRAB(1.0),_T,M,IR2023,VAR12,ENTSIZE2,2024-M08,10.237079071395549,R,,2,,Encuesta Mensual de Remuneraciones y Costos Laborales,0
CL01:DF_IR2023_NTRAB(1.0),_T,M,IR2023,VAR12,ENTSIZE2,2024-M09,8.945435634053522,R,,2,,Encuesta Mensual de Remuneraciones y Costos Laborales,0
CL01:DF_IR2023_NTRAB(1.0),_T,M,IR2023,VAR12,ENTSIZE2,2024-M10,9.385195300556948,R,,2,,Encuesta Mensual de Remuneraciones y Costos Laborales,0
CL01:DF_IR2023_NTRAB(1.0),_T,M,IR2023,VAR12,ENTSIZE2,2024-M11,9.299420177457618,R,,2,,Encuesta Mensual de Remuneraciones y Costos Laborales,0
CL01:DF_IR2023_NTRAB(1.0),_T,M,IR2023,VAR12,ENTSIZE2,2024-M12,7.832594947755012,R,,2,,Encuesta Mensual de Remuneraciones y Costos Laborales,0
CL01:DF_IR2023_NTRAB(1.0),_T,M,IR2023,VAR12,ENTSIZE2,2025-M01,9.107134851635967,R,,2,,Encuesta Mensual de Remuneraciones y Costos Laborales,0
CL01:DF_IR2023_NTRAB(1.0),_T,M,IR2023,VAR12,ENTSIZE2,2025-M02,9.547866119725622,R,,2,,Encuesta Mensual de Remuneraciones y Costos Laborales,0
CL01:DF_IR2023_NTRAB(1.0),_T,M,IR2023,VAR12,ENTSIZE2,2025-M03,9.31111200300343,R,,2,,Encuesta Mensual de Remuneraciones y Costos Laborales,0
CL01:DF_IR2023_NTRAB(1.0),_T,M,IR2023,VAR12,ENTSIZE2,2025-M04,9.758021928683224,,,2,,Encuesta Mensual de Remuneraciones y Costos Laborales,0
CL01:DF_IR2023_NTRAB(1.0),_T,M,IR2023,VAR12,ENTSIZE2,2025-M05,9.38508758846741,,,2,,Encuesta Mensual de Remuneraciones y Costos Laborales,0
CL01:DF_IR2023_NTRAB(1.0),_T,M,IR2023,VAR12,ENTSIZE2,2025-M06,8.5919621636525,,,2,,Encuesta Mensual de Remuneraciones y Costos Laborales,0
CL01:DF_IR2023_NTRAB(1.0),_T,M,IR2023,VAR12,ENTSIZE2,2025-M07,7.150452194220169,,,2,,Encuesta Mensual de Remuneraciones y Costos Laborales,0
CL01:DF_IR2023_NTRAB(1.0),_T,M,IR2023,VAR12,ENTSIZE2,2025-M08,6.425789327969866,,,2,,Encuesta Mensual de Remuneraciones y Costos Laborales,0
CL01:DF_IR2023_NTRAB(1.0),_T,M,IR2023,VAR12,ENTSIZE2,2025-M09,6.289645238682895,,,2,,Encuesta Mensual de Remuneraciones y Costos Laborales,0
CL01:DF_IR2023_NTRAB(1.0),_T,M,IR2023,VAR12,ENTSIZE2,2025-M10,6.543214320916824,,,2,,Encuesta Mensual de Remuneraciones y Costos Laborales,0
CL01:DF_IR2023_NTRAB(1.0),_T,M,IR2023,VAR12,ENTSIZE2,2025-M11,6.364358897846145,,,2,,Encuesta Mensual de Remuneraciones y Costos Laborales,0
CL01:DF_IR2023_NTRAB(1.0),_T,M,IR2023,VAR12,ENTSIZE2,2025-M12,6.485756280062671,,,2,,Encuesta Mensual de Remuneraciones y Costos Laborales,0
CL01:DF_IR2023_NTRAB(1.0),_T,M,IR2023,VAR12,ENTSIZE2,2026-M01,5.4218837864043135,,,2,,Encuesta Mensual de Remuneraciones y Costos Laborales,0
CL01:DF_IR2023_NTRAB(1.0),_T,M,IR2023,VAR12,ENTSIZE2,2026-M02,5.7616190679430135,,,2,,Encuesta Mensual de Remuneraciones y Costos Laborales,0
CL01:DF_IR2023_NTRAB(1.0),_T,M,IR2023,VAR12,ENTSIZE2,2026-M03,5.882368058795984,,Valor provisional,2,,Encuesta Mensual de Remuneraciones y Costos Laborales,0
CL01:DF_IR2023_NTRAB(1.0),_T,M,IR2023,IX,ENTSIZE2,2023-M01,97.61675480088188,R,,2,,Encuesta Mensual de Remuneraciones y Costos Laborales,0
CL01:DF_IR2023_NTRAB(1.0),_T,M,IR2023,IX,ENTSIZE2,2023-M02,96.74615671926193,R,,2,,Encuesta Mensual de Remuneraciones y Costos Laborales,0
CL01:DF_IR2023_NTRAB(1.0),_T,M,IR2023,IX,ENTSIZE2,2023-M03,97.70171399275371,R,,2,,Encuesta Mensual de Remuneraciones y Costos Laborales,0
CL01:DF_IR2023_NTRAB(1.0),_T,M,IR2023,IX,ENTSIZE2,2023-M04,98.27330872457058,R,,2,,Encuesta Mensual de Remuneraciones y Costos Laborales,0
CL01:DF_IR2023_NTRAB(1.0),_T,M,IR2023,IX,ENTSIZE2,2023-M05,99.0063412689243,R,,2,,Encuesta Mensual de Remuneraciones y Costos Laborales,0
CL01:DF_IR2023_NTRAB(1.0),_T,M,IR2023,IX,ENTSIZE2,2023-M06,99.93322668794687,R,,2,,Encuesta Mensual de Remuneraciones y Costos Laborales,0
CL01:DF_IR2023_NTRAB(1.0),_T,M,IR2023,IX,ENTSIZE2,2023-M07,100.25112136683104,R,,2,,Encuesta Mensual de Remuneraciones y Costos Laborales,0
CL01:DF_IR2023_NTRAB(1.0),_T,M,IR2023,IX,ENTSIZE2,2023-M08,100.16591875490445,R,,2,,Encuesta Mensual de Remuneraciones y Costos Laborales,0
CL01:DF_IR2023_NTRAB(1.0),_T,M,IR2023,IX,ENTSIZE2,2023-M09,102.1213687554853,R,,2,,Encuesta Mensual de Remuneraciones y Costos Laborales,0
CL01:DF_IR2023_NTRAB(1.0),_T,M,IR2023,IX,ENTSIZE2,2023-M10,101.73500857789044,R,,2,,Encuesta Mensual de Remuneraciones y Costos Laborales,0
CL01:DF_IR2023_NTRAB(1.0),_T,M,IR2023,IX,ENTSIZE2,2023-M11,102.16761905553676,R,,2,,Encuesta Mensual de Remuneraciones y Costos Laborales,0
CL01:DF_IR2023_NTRAB(1.0),_T,M,IR2023,IX,ENTSIZE2,2023-M12,104.2814612950127,R,,2,,Encuesta Mensual de Remuneraciones y Costos Laborales,0
CL01:DF_IR2023_NTRAB(1.0),_T,M,IR2023,IX,ENTSIZE2,2024-M01,104.70232745982368,R,,2,,Encuesta Mensual de Remuneraciones y Costos Laborales,0
CL01:DF_IR2023_NTRAB(1.0),_T,M,IR2023,IX,ENTSIZE2,2024-M02,104.46356130905917,R,,2,,Encuesta Mensual de Remuneraciones y Costos Laborales,0
CL01:DF_IR2023_NTRAB(1.0),_T,M,IR2023,IX,ENTSIZE2,2024-M03,105.01878005564457,R,,2,,Encuesta Mensual de Remuneraciones y Costos Laborales,0
CL01:DF_IR2023_NTRAB(1.0),_T,M,IR2023,IX,ENTSIZE2,2024-M04,105.49705922616191,,,2,,Encuesta Mensual de Remuneraciones y Costos Laborales,0
CL01:DF_IR2023_NTRAB(1.0),_T,M,IR2023,IX,ENTSIZE2,2024-M05,105.94982047607388,,,2,,Encuesta Mensual de Remuneraciones y Costos Laborales,0
CL01:DF_IR2023_NTRAB(1.0),_T,M,IR2023,IX,ENTSIZE2,2024-M06,107.25131459859966,,,2,,Encuesta Mensual de Remuneraciones y Costos Laborales,0
CL01:DF_IR2023_NTRAB(1.0),_T,M,IR2023,IX,ENTSIZE2,2024-M07,109.63271292062088,,,2,,Encuesta Mensual de Remuneraciones y Costos Laborales,0
CL01:DF_IR2023_NTRAB(1.0),_T,M,IR2023,IX,ENTSIZE2,2024-M08,110.41998306043385,,,2,,Encuesta Mensual de Remuneraciones y Costos Laborales,0
CL01:DF_IR2023_NTRAB(1.0),_T,M,IR2023,IX,ENTSIZE2,2024-M09,111.2565700661217,,,2,,Encuesta Mensual de Remuneraciones y Costos Laborales,0
CL01:DF_IR2023_NTRAB(1.0),_T,M,IR2023,IX,ENTSIZE2,2024-M10,111.28303782196382,,,2,,Encuesta Mensual de Remuneraciones y Costos Laborales,0
CL01:DF_IR2023_NTRAB(1.0),_T,M,IR2023,IX,ENTSIZE2,2024-M11,111.66861523681537,,,2,,Encuesta Mensual de Remuneraciones y Costos Laborales,0
CL01:DF_IR2023_NTRAB(1.0),_T,M,IR2023,IX,ENTSIZE2,2024-M12,112.44940576385096,,,2,,Encuesta Mensual de Remuneraciones y Costos Laborales,0
CL01:DF_IR2023_NTRAB(1.0),_T,M,IR2023,IX,ENTSIZE2,2025-M01,114.2377096143913,,,2,,Encuesta Mensual de Remuneraciones y Costos Laborales,0
CL01:DF_IR2023_NTRAB(1.0),_T,M,IR2023,IX,ENTSIZE2,2025-M02,114.43760228674563,,,2,,Encuesta Mensual de Remuneraciones y Costos Laborales,0
CL01:DF_IR2023_NTRAB(1.0),_T,M,IR2023,IX,ENTSIZE2,2025-M03,114.79719629081347,,,2,,Encuesta Mensual de Remuneraciones y Costos Laborales,0
CL01:DF_IR2023_NTRAB(1.0),_T,M,IR2023,IX,ENTSIZE2,2025-M04,115.79148539956671,,,2,,Encuesta Mensual de Remuneraciones y Costos Laborales,0
CL01:DF_IR2023_NTRAB(1.0),_T,M,IR2023,IX,ENTSIZE2,2025-M05,115.8933039275774,,,2,,Encuesta Mensual de Remuneraciones y Costos Laborales,0
CL01:DF_IR2023_NTRAB(1.0),_T,M,IR2023,IX,ENTSIZE2,2025-M06,116.46630696893125,,,2,,Encuesta Mensual de Remuneraciones y Costos Laborales,0
CL01:DF_IR2023_NTRAB(1.0),_T,M,IR2023,IX,ENTSIZE2,2025-M07,117.4719476472365,,,2,,Encuesta Mensual de Remuneraciones y Costos Laborales,0
CL01:DF_IR2023_NTRAB(1.0),_T,M,IR2023,IX,ENTSIZE2,2025-M08,117.51533854787735,,,2,,Encuesta Mensual de Remuneraciones y Costos Laborales,0
CL01:DF_IR2023_NTRAB(1.0),_T,M,IR2023,IX,ENTSIZE2,2025-M09,118.25421362800742,,,2,,Encuesta Mensual de Remuneraciones y Costos Laborales,0
CL01:DF_IR2023_NTRAB(1.0),_T,M,IR2023,IX,ENTSIZE2,2025-M10,118.56452548948184,,,2,,Encuesta Mensual de Remuneraciones y Costos Laborales,0
CL01:DF_IR2023_NTRAB(1.0),_T,M,IR2023,IX,ENTSIZE2,2025-M11,118.7756066867412,,,2,,Encuesta Mensual de Remuneraciones y Costos Laborales,0
CL01:DF_IR2023_NTRAB(1.0),_T,M,IR2023,IX,ENTSIZE2,2025-M12,119.74260016007308,,,2,,Encuesta Mensual de Remuneraciones y Costos Laborales,0
CL01:DF_IR2023_NTRAB(1.0),_T,M,IR2023,IX,ENTSIZE2,2026-M01,120.43154546993362,,,2,,Encuesta Mensual de Remuneraciones y Costos Laborales,0
CL01:DF_IR2023_NTRAB(1.0),_T,M,IR2023,IX,ENTSIZE2,2026-M02,121.03106100099556,,,2,,Encuesta Mensual de Remuneraciones y Costos Laborales,0
CL01:DF_IR2023_NTRAB(1.0),_T,M,IR2023,IX,ENTSIZE2,2026-M03,121.54998989781761,,Valor provisional,2,,Encuesta Mensual de Remuneraciones y Costos Laborales,0
CL01:DF_IR2023_NTRAB(1.0),_T,M,IR2023,IX,ENTSIZE1,2023-M01,97.7043157104449,R,,2,,Encuesta Mensual de Remuneraciones y Costos Laborales,0
CL01:DF_IR2023_NTRAB(1.0),_T,M,IR2023,IX,ENTSIZE1,2023-M02,97.32537113649296,R,,2,,Encuesta Mensual de Remuneraciones y Costos Laborales,0
CL01:DF_IR2023_NTRAB(1.0),_T,M,IR2023,IX,ENTSIZE1,2023-M03,97.51750793665917,R,,2,,Encuesta Mensual de Remuneraciones y Costos Laborales,0
CL01:DF_IR2023_NTRAB(1.0),_T,M,IR2023,IX,ENTSIZE1,2023-M04,98.4647034066271,R,,2,,Encuesta Mensual de Remuneraciones y Costos Laborales,0
CL01:DF_IR2023_NTRAB(1.0),_T,M,IR2023,IX,ENTSIZE1,2023-M05,99.105773191034,R,,2,,Encuesta Mensual de Remuneraciones y Costos Laborales,0
CL01:DF_IR2023_NTRAB(1.0),_T,M,IR2023,IX,ENTSIZE1,2023-M06,100.22514015033003,R,,2,,Encuesta Mensual de Remuneraciones y Costos Laborales,0
CL01:DF_IR2023_NTRAB(1.0),_T,M,IR2023,IX,ENTSIZE1,2023-M07,100.55448222938695,R,,2,,Encuesta Mensual de Remuneraciones y Costos Laborales,0
CL01:DF_IR2023_NTRAB(1.0),_T,M,IR2023,IX,ENTSIZE1,2023-M08,100.72067899468752,R,,2,,Encuesta Mensual de Remuneraciones y Costos Laborales,0
CL01:DF_IR2023_NTRAB(1.0),_T,M,IR2023,IX,ENTSIZE1,2023-M09,102.49511365397605,R,,2,,Encuesta Mensual de Remuneraciones y Costos Laborales,0
CL01:DF_IR2023_NTRAB(1.0),_T,M,IR2023,IX,ENTSIZE1,2023-M10,101.80761382669748,R,,2,,Encuesta Mensual de Remuneraciones y Costos Laborales,0
CL01:DF_IR2023_NTRAB(1.0),_T,M,IR2023,IX,ENTSIZE1,2023-M11,101.27239594173737,R,,2,,Encuesta Mensual de Remuneraciones y Costos Laborales,0
CL01:DF_IR2023_NTRAB(1.0),_T,M,IR2023,IX,ENTSIZE1,2023-M12,102.80690382192651,R,,2,,Encuesta Mensual de Remuneraciones y Costos Laborales,0
CL01:DF_IR2023_NTRAB(1.0),_T,M,IR2023,IX,ENTSIZE1,2024-M01,103.07386093985146,R,,2,,Encuesta Mensual de Remuneraciones y Costos Laborales,0
CL01:DF_IR2023_NTRAB(1.0),_T,M,IR2023,IX,ENTSIZE1,2024-M02,103.13176932491822,R,,2,,Encuesta Mensual de Remuneraciones y Costos Laborales,0
CL01:DF_IR2023_NTRAB(1.0),_T,M,IR2023,IX,ENTSIZE1,2024-M03,104.39025563758706,R,,2,,Encuesta Mensual de Remuneraciones y Costos Laborales,0
CL01:DF_IR2023_NTRAB(1.0),_T,M,IR2023,IX,ENTSIZE1,2024-M04,104.5156771183558,,,2,,Encuesta Mensual de Remuneraciones y Costos Laborales,0
CL01:DF_IR2023_NTRAB(1.0),_T,M,IR2023,IX,ENTSIZE1,2024-M05,105.59327294634751,,,2,,Encuesta Mensual de Remuneraciones y Costos Laborales,0
CL01:DF_IR2023_NTRAB(1.0),_T,M,IR2023,IX,ENTSIZE1,2024-M06,106.88583966305839,,,2,,Encuesta Mensual de Remuneraciones y Costos Laborales,0
CL01:DF_IR2023_NTRAB(1.0),_T,M,IR2023,IX,ENTSIZE1,2024-M07,109.28118394188587,,,2,,Encuesta Mensual de Remuneraciones y Costos Laborales,0
CL01:DF_IR2023_NTRAB(1.0),_T,M,IR2023,IX,ENTSIZE1,2024-M08,109.66354865288622,,,2,,Encuesta Mensual de Remuneraciones y Costos Laborales,0
CL01:DF_IR2023_NTRAB(1.0),_T,M,IR2023,IX,ENTSIZE1,2024-M09,109.73017287195374,,,2,,Encuesta Mensual de Remuneraciones y Costos Laborales,0
CL01:DF_IR2023_NTRAB(1.0),_T,M,IR2023,IX,ENTSIZE1,2024-M10,110.38727492627545,,,2,,Encuesta Mensual de Remuneraciones y Costos Laborales,0
CL01:DF_IR2023_NTRAB(1.0),_T,M,IR2023,IX,ENTSIZE1,2024-M11,110.75673232008319,,,2,,Encuesta Mensual de Remuneraciones y Costos Laborales,0
CL01:DF_IR2023_NTRAB(1.0),_T,M,IR2023,IX,ENTSIZE1,2024-M12,111.64454031142984,,,2,,Encuesta Mensual de Remuneraciones y Costos Laborales,0
CL01:DF_IR2023_NTRAB(1.0),_T,M,IR2023,IX,ENTSIZE1,2025-M01,112.27387762258931,,,2,,Encuesta Mensual de Remuneraciones y Costos Laborales,0
CL01:DF_IR2023_NTRAB(1.0),_T,M,IR2023,IX,ENTSIZE1,2025-M02,113.11772413251688,,,2,,Encuesta Mensual de Remuneraciones y Costos Laborales,0
CL01:DF_IR2023_NTRAB(1.0),_T,M,IR2023,IX,ENTSIZE1,2025-M03,113.26876123288537,,,2,,Encuesta Mensual de Remuneraciones y Costos Laborales,0
CL01:DF_IR2023_NTRAB(1.0),_T,M,IR2023,IX,ENTSIZE1,2025-M04,113.35726007342683,,,2,,Encuesta Mensual de Remuneraciones y Costos Laborales,0
CL01:DF_IR2023_NTRAB(1.0),_T,M,IR2023,IX,ENTSIZE1,2025-M05,114.37543728209056,,,2,,Encuesta Mensual de Remuneraciones y Costos Laborales,0
CL01:DF_IR2023_NTRAB(1.0),_T,M,IR2023,IX,ENTSIZE1,2025-M06,115.25492391742091,,,2,,Encuesta Mensual de Remuneraciones y Costos Laborales,0
CL01:DF_IR2023_NTRAB(1.0),_T,M,IR2023,IX,ENTSIZE1,2025-M07,115.80194769646737,,,2,,Encuesta Mensual de Remuneraciones y Costos Laborales,0
CL01:DF_IR2023_NTRAB(1.0),_T,M,IR2023,IX,ENTSIZE1,2025-M08,116.38144987263986,,,2,,Encuesta Mensual de Remuneraciones y Costos Laborales,0
CL01:DF_IR2023_NTRAB(1.0),_T,M,IR2023,IX,ENTSIZE1,2025-M09,116.79815586508165,,,2,,Encuesta Mensual de Remuneraciones y Costos Laborales,0
CL01:DF_IR2023_NTRAB(1.0),_T,M,IR2023,IX,ENTSIZE1,2025-M10,117.40388588363076,,,2,,Encuesta Mensual de Remuneraciones y Costos Laborales,0
CL01:DF_IR2023_NTRAB(1.0),_T,M,IR2023,IX,ENTSIZE1,2025-M11,117.62364436980236,,,2,,Encuesta Mensual de Remuneraciones y Costos Laborales,0
CL01:DF_IR2023_NTRAB(1.0),_T,M,IR2023,IX,ENTSIZE1,2025-M12,119.23394267807835,,,2,,Encuesta Mensual de Remuneraciones y Costos Laborales,0
CL01:DF_IR2023_NTRAB(1.0),_T,M,IR2023,IX,ENTSIZE1,2026-M01,119.29484460119814,,,2,,Encuesta Mensual de Remuneraciones y Costos Laborales,0
CL01:DF_IR2023_NTRAB(1.0),_T,M,IR2023,IX,ENTSIZE1,2026-M02,119.29789463374694,,,2,,Encuesta Mensual de Remuneraciones y Costos Laborales,0
CL01:DF_IR2023_NTRAB(1.0),_T,M,IR2023,IX,ENTSIZE1,2026-M03,120.12084858110326,,Valor provisional,2,,Encuesta Mensual de Remuneraciones y Costos Laborales,0
CL01:DF_IR2023_NTRAB(1.0),_T,M,IR2023,IX,ENTSIZE3,2023-M01,98.26093615236536,R,,2,,Encuesta Mensual de Remuneraciones y Costos Laborales,0
CL01:DF_IR2023_NTRAB(1.0),_T,M,IR2023,IX,ENTSIZE3,2023-M02,97.75989737891855,R,,2,,Encuesta Mensual de Remuneraciones y Costos Laborales,0
CL01:DF_IR2023_NTRAB(1.0),_T,M,IR2023,IX,ENTSIZE3,2023-M03,98.39780220074388,R,,2,,Encuesta Mensual de Remuneraciones y Costos Laborales,0
CL01:DF_IR2023_NTRAB(1.0),_T,M,IR2023,IX,ENTSIZE3,2023-M04,98.98616288793417,R,,2,,Encuesta Mensual de Remuneraciones y Costos Laborales,0
CL01:DF_IR2023_NTRAB(1.0),_T,M,IR2023,IX,ENTSIZE3,2023-M05,98.86349412264367,R,,2,,Encuesta Mensual de Remuneraciones y Costos Laborales,0
CL01:DF_IR2023_NTRAB(1.0),_T,M,IR2023,IX,ENTSIZE3,2023-M06,99.75527240238281,R,,2,,Encuesta Mensual de Remuneraciones y Costos Laborales,0
CL01:DF_IR2023_NTRAB(1.0),_T,M,IR2023,IX,ENTSIZE3,2023-M07,100.20843225429525,R,,2,,Encuesta Mensual de Remuneraciones y Costos Laborales,0
CL01:DF_IR2023_NTRAB(1.0),_T,M,IR2023,IX,ENTSIZE3,2023-M08,100.2522984869466,R,,2,,Encuesta Mensual de Remuneraciones y Costos Laborales,0
CL01:DF_IR2023_NTRAB(1.0),_T,M,IR2023,IX,ENTSIZE3,2023-M09,101.48841953615359,R,,2,,Encuesta Mensual de Remuneraciones y Costos Laborales,0
CL01:DF_IR2023_NTRAB(1.0),_T,M,IR2023,IX,ENTSIZE3,2023-M10,101.34878045155976,R,,2,,Encuesta Mensual de Remuneraciones y Costos Laborales,0
CL01:DF_IR2023_NTRAB(1.0),_T,M,IR2023,IX,ENTSIZE3,2023-M11,101.50975060551772,R,,2,,Encuesta Mensual de Remuneraciones y Costos Laborales,0
CL01:DF_IR2023_NTRAB(1.0),_T,M,IR2023,IX,ENTSIZE3,2023-M12,103.16875352053874,R,,2,,Encuesta Mensual de Remuneraciones y Costos Laborales,0
CL01:DF_IR2023_NTRAB(1.0),_T,M,IR2023,IX,ENTSIZE3,2024-M01,104.26050449000118,R,,2,,Encuesta Mensual de Remuneraciones y Costos Laborales,0
CL01:DF_IR2023_NTRAB(1.0),_T,M,IR2023,IX,ENTSIZE3,2024-M02,103.7830730674165,R,,2,,Encuesta Mensual de Remuneraciones y Costos Laborales,0
CL01:DF_IR2023_NTRAB(1.0),_T,M,IR2023,IX,ENTSIZE3,2024-M03,104.92596465163916,R,,2,,Encuesta Mensual de Remuneraciones y Costos Laborales,0
CL01:DF_IR2023_NTRAB(1.0),_T,M,IR2023,IX,ENTSIZE3,2024-M04,105.47435917430587,,,2,,Encuesta Mensual de Remuneraciones y Costos Laborales,0
CL01:DF_IR2023_NTRAB(1.0),_T,M,IR2023,IX,ENTSIZE3,2024-M05,105.6592330361828,,,2,,Encuesta Mensual de Remuneraciones y Costos Laborales,0
CL01:DF_IR2023_NTRAB(1.0),_T,M,IR2023,IX,ENTSIZE3,2024-M06,106.90570379287884,,,2,,Encuesta Mensual de Remuneraciones y Costos Laborales,0
CL01:DF_IR2023_NTRAB(1.0),_T,M,IR2023,IX,ENTSIZE3,2024-M07,108.14945779996795,,,2,,Encuesta Mensual de Remuneraciones y Costos Laborales,0
CL01:DF_IR2023_NTRAB(1.0),_T,M,IR2023,IX,ENTSIZE3,2024-M08,108.45804295018849,,,2,,Encuesta Mensual de Remuneraciones y Costos Laborales,0
CL01:DF_IR2023_NTRAB(1.0),_T,M,IR2023,IX,ENTSIZE3,2024-M09,109.42524097673612,,,2,,Encuesta Mensual de Remuneraciones y Costos Laborales,0
CL01:DF_IR2023_NTRAB(1.0),_T,M,IR2023,IX,ENTSIZE3,2024-M10,109.385509478902,,,2,,Encuesta Mensual de Remuneraciones y Costos Laborales,0
CL01:DF_IR2023_NTRAB(1.0),_T,M,IR2023,IX,ENTSIZE3,2024-M11,109.58075071919602,,,2,,Encuesta Mensual de Remuneraciones y Costos Laborales,0
CL01:DF_IR2023_NTRAB(1.0),_T,M,IR2023,IX,ENTSIZE3,2024-M12,110.30143502944955,,,2,,Encuesta Mensual de Remuneraciones y Costos Laborales,0
CL01:DF_IR2023_NTRAB(1.0),_T,M,IR2023,IX,ENTSIZE3,2025-M01,112.53994884740496,,,2,,Encuesta Mensual de Remuneraciones y Costos Laborales,0
CL01:DF_IR2023_NTRAB(1.0),_T,M,IR2023,IX,ENTSIZE3,2025-M02,112.33753814631174,,,2,,Encuesta Mensual de Remuneraciones y Costos Laborales,0
CL01:DF_IR2023_NTRAB(1.0),_T,M,IR2023,IX,ENTSIZE3,2025-M03,113.12468796893457,,,2,,Encuesta Mensual de Remuneraciones y Costos Laborales,0
CL01:DF_IR2023_NTRAB(1.0),_T,M,IR2023,IX,ENTSIZE3,2025-M04,113.4066896358498,,,2,,Encuesta Mensual de Remuneraciones y Costos Laborales,0
CL01:DF_IR2023_NTRAB(1.0),_T,M,IR2023,IX,ENTSIZE3,2025-M05,113.61396089796924,,,2,,Encuesta Mensual de Remuneraciones y Costos Laborales,0
CL01:DF_IR2023_NTRAB(1.0),_T,M,IR2023,IX,ENTSIZE3,2025-M06,114.42410831635893,,,2,,Encuesta Mensual de Remuneraciones y Costos Laborales,0
CL01:DF_IR2023_NTRAB(1.0),_T,M,IR2023,IX,ENTSIZE3,2025-M07,114.86285814819898,,,2,,Encuesta Mensual de Remuneraciones y Costos Laborales,0
CL01:DF_IR2023_NTRAB(1.0),_T,M,IR2023,IX,ENTSIZE3,2025-M08,115.01002352210517,,,2,,Encuesta Mensual de Remuneraciones y Costos Laborales,0
CL01:DF_IR2023_NTRAB(1.0),_T,M,IR2023,IX,ENTSIZE3,2025-M09,115.44859388879074,,,2,,Encuesta Mensual de Remuneraciones y Costos Laborales,0
CL01:DF_IR2023_NTRAB(1.0),_T,M,IR2023,IX,ENTSIZE3,2025-M10,115.48173640278506,,,2,,Encuesta Mensual de Remuneraciones y Costos Laborales,0
CL01:DF_IR2023_NTRAB(1.0),_T,M,IR2023,IX,ENTSIZE3,2025-M11,115.95238351613439,,,2,,Encuesta Mensual de Remuneraciones y Costos Laborales,0
CL01:DF_IR2023_NTRAB(1.0),_T,M,IR2023,IX,ENTSIZE3,2025-M12,116.52021495708284,,,2,,Encuesta Mensual de Remuneraciones y Costos Laborales,0
CL01:DF_IR2023_NTRAB(1.0),_T,M,IR2023,IX,ENTSIZE3,2026-M01,117.31486153251906,,,2,,Encuesta Mensual de Remuneraciones y Costos Laborales,0
CL01:DF_IR2023_NTRAB(1.0),_T,M,IR2023,IX,ENTSIZE3,2026-M02,117.46333040660569,,,2,,Encuesta Mensual de Remuneraciones y Costos Laborales,0
CL01:DF_IR2023_NTRAB(1.0),_T,M,IR2023,IX,ENTSIZE3,2026-M03,118.17001792462607,,Valor provisional,2,,Encuesta Mensual de Remuneraciones y Costos Laborales,0
CL01:DF_IR2023_NTRAB(1.0),_T,M,IR2023,VAR12,ENTSIZE3,2023-M01,,R,,2,,Encuesta Mensual de Remuneraciones y Costos Laborales,0
CL01:DF_IR2023_NTRAB(1.0),_T,M,IR2023,VAR12,ENTSIZE3,2023-M02,,R,,2,,Encuesta Mensual de Remuneraciones y Costos Laborales,0
CL01:DF_IR2023_NTRAB(1.0),_T,M,IR2023,VAR12,ENTSIZE3,2023-M03,,R,,2,,Encuesta Mensual de Remuneraciones y Costos Laborales,0
CL01:DF_IR2023_NTRAB(1.0),_T,M,IR2023,VAR12,ENTSIZE3,2023-M04,,R,,2,,Encuesta Mensual de Remuneraciones y Costos Laborales,0
CL01:DF_IR2023_NTRAB(1.0),_T,M,IR2023,VAR12,ENTSIZE3,2023-M05,,R,,2,,Encuesta Mensual de Remuneraciones y Costos Laborales,0
CL01:DF_IR2023_NTRAB(1.0),_T,M,IR2023,VAR12,ENTSIZE3,2023-M06,,R,,2,,Encuesta Mensual de Remuneraciones y Costos Laborales,0
CL01:DF_IR2023_NTRAB(1.0),_T,M,IR2023,VAR12,ENTSIZE3,2023-M07,,R,,2,,Encuesta Mensual de Remuneraciones y Costos Laborales,0
CL01:DF_IR2023_NTRAB(1.0),_T,M,IR2023,VAR12,ENTSIZE3,2023-M08,,R,,2,,Encuesta Mensual de Remuneraciones y Costos Laborales,0
CL01:DF_IR2023_NTRAB(1.0),_T,M,IR2023,VAR12,ENTSIZE3,2023-M09,,R,,2,,Encuesta Mensual de Remuneraciones y Costos Laborales,0
CL01:DF_IR2023_NTRAB(1.0),_T,M,IR2023,VAR12,ENTSIZE3,2023-M10,,R,,2,,Encuesta Mensual de Remuneraciones y Costos Laborales,0
CL01:DF_IR2023_NTRAB(1.0),_T,M,IR2023,VAR12,ENTSIZE3,2023-M11,,R,,2,,Encuesta Mensual de Remuneraciones y Costos Laborales,0
CL01:DF_IR2023_NTRAB(1.0),_T,M,IR2023,VAR12,ENTSIZE3,2023-M12,,R,,2,,Encuesta Mensual de Remuneraciones y Costos Laborales,0
CL01:DF_IR2023_NTRAB(1.0),_T,M,IR2023,VAR12,ENTSIZE3,2024-M01,6.10575125025552,R,,2,,Encuesta Mensual de Remuneraciones y Costos Laborales,0
CL01:DF_IR2023_NTRAB(1.0),_T,M,IR2023,VAR12,ENTSIZE3,2024-M02,6.16119272829434,R,,2,,Encuesta Mensual de Remuneraciones y Costos Laborales,0
CL01:DF_IR2023_NTRAB(1.0),_T,M,IR2023,VAR12,ENTSIZE3,2024-M03,6.634459616869304,R,,2,,Encuesta Mensual de Remuneraciones y Costos Laborales,0
CL01:DF_IR2023_NTRAB(1.0),_T,M,IR2023,VAR12,ENTSIZE3,2024-M04,6.554649758186137,R,,2,,Encuesta Mensual de Remuneraciones y Costos Laborales,0
CL01:DF_IR2023_NTRAB(1.0),_T,M,IR2023,VAR12,ENTSIZE3,2024-M05,6.873860744906279,R,,2,,Encuesta Mensual de Remuneraciones y Costos Laborales,0
CL01:DF_IR2023_NTRAB(1.0),_T,M,IR2023,VAR12,ENTSIZE3,2024-M06,7.167973399594696,R,,2,,Encuesta Mensual de Remuneraciones y Costos Laborales,0
CL01:DF_IR2023_NTRAB(1.0),_T,M,IR2023,VAR12,ENTSIZE3,2024-M07,7.924508314351275,R,,2,,Encuesta Mensual de Remuneraciones y Costos Laborales,0
CL01:DF_IR2023_NTRAB(1.0),_T,M,IR2023,VAR12,ENTSIZE3,2024-M08,8.18509359594415,R,,2,,Encuesta Mensual de Remuneraciones y Costos Laborales,0
CL01:DF_IR2023_NTRAB(1.0),_T,M,IR2023,VAR12,ENTSIZE3,2024-M09,7.820420770031955,R,,2,,Encuesta Mensual de Remuneraciones y Costos Laborales,0
CL01:DF_IR2023_NTRAB(1.0),_T,M,IR2023,VAR12,ENTSIZE3,2024-M10,7.929773788628314,R,,2,,Encuesta Mensual de Remuneraciones y Costos Laborales,0
CL01:DF_IR2023_NTRAB(1.0),_T,M,IR2023,VAR12,ENTSIZE3,2024-M11,7.950960440286603,R,,2,,Encuesta Mensual de Remuneraciones y Costos Laborales,0
CL01:DF_IR2023_NTRAB(1.0),_T,M,IR2023,VAR12,ENTSIZE3,2024-M12,6.913606363859803,R,,2,,Encuesta Mensual de Remuneraciones y Costos Laborales,0
CL01:DF_IR2023_NTRAB(1.0),_T,M,IR2023,VAR12,ENTSIZE3,2025-M01,7.941112886325796,R,,2,,Encuesta Mensual de Remuneraciones y Costos Laborales,0
CL01:DF_IR2023_NTRAB(1.0),_T,M,IR2023,VAR12,ENTSIZE3,2025-M02,8.24263998555752,R,,2,,Encuesta Mensual de Remuneraciones y Costos Laborales,0
CL01:DF_IR2023_NTRAB(1.0),_T,M,IR2023,VAR12,ENTSIZE3,2025-M03,7.813817432620884,R,,2,,Encuesta Mensual de Remuneraciones y Costos Laborales,0
CL01:DF_IR2023_NTRAB(1.0),_T,M,IR2023,VAR12,ENTSIZE3,2025-M04,7.52062446611792,,,2,,Encuesta Mensual de Remuneraciones y Costos Laborales,0
CL01:DF_IR2023_NTRAB(1.0),_T,M,IR2023,VAR12,ENTSIZE3,2025-M05,7.528663263211799,,,2,,Encuesta Mensual de Remuneraciones y Costos Laborales,0
CL01:DF_IR2023_NTRAB(1.0),_T,M,IR2023,VAR12,ENTSIZE3,2025-M06,7.032744050819195,,,2,,Encuesta Mensual de Remuneraciones y Costos Laborales,0
CL01:DF_IR2023_NTRAB(1.0),_T,M,IR2023,VAR12,ENTSIZE3,2025-M07,6.207521040602959,,,2,,Encuesta Mensual de Remuneraciones y Costos Laborales,0
CL01:DF_IR2023_NTRAB(1.0),_T,M,IR2023,VAR12,ENTSIZE3,2025-M08,6.041027842375701,,,2,,Encuesta Mensual de Remuneraciones y Costos Laborales,0
CL01:DF_IR2023_NTRAB(1.0),_T,M,IR2023,VAR12,ENTSIZE3,2025-M09,5.5045370321233245,,,2,,Encuesta Mensual de Remuneraciones y Costos Laborales,0
CL01:DF_IR2023_NTRAB(1.0),_T,M,IR2023,VAR12,ENTSIZE3,2025-M10,5.573157681419305,,,2,,Encuesta Mensual de Remuneraciones y Costos Laborales,0
CL01:DF_IR2023_NTRAB(1.0),_T,M,IR2023,VAR12,ENTSIZE3,2025-M11,5.814554796458626,,,2,,Encuesta Mensual de Remuneraciones y Costos Laborales,0
CL01:DF_IR2023_NTRAB(1.0),_T,M,IR2023,VAR12,ENTSIZE3,2025-M12,5.637986419644436,,,2,,Encuesta Mensual de Remuneraciones y Costos Laborales,0
CL01:DF_IR2023_NTRAB(1.0),_T,M,IR2023,VAR12,ENTSIZE3,2026-M01,4.242860187886266,,,2,,Encuesta Mensual de Remuneraciones y Costos Laborales,0
CL01:DF_IR2023_NTRAB(1.0),_T,M,IR2023,VAR12,ENTSIZE3,2026-M02,4.562849021684956,,,2,,Encuesta Mensual de Remuneraciones y Costos Laborales,0
CL01:DF_IR2023_NTRAB(1.0),_T,M,IR2023,VAR12,ENTSIZE3,2026-M03,4.459972483704888,,Valor provisional,2,,Encuesta Mensual de Remuneraciones y Costos Laborales,0
